MODE,LE,SB,PE,HFW,PS,DWELL,SNR,CNR,FP
HR,1500.0,0.0,1500.0,4.0,0.001953125,1.0,-0.08324194836027739,0.29318106438474106,D:\rlane\Data\analysis\stage-bias\DATA\HR-mode\1500eV-LE__0V-SB\field-001\4um-HFW__1us.tif
HR,1500.0,0.0,1500.0,4.0,0.001953125,1.0,-0.06137706805990726,0.3126102696902539,D:\rlane\Data\analysis\stage-bias\DATA\HR-mode\1500eV-LE__0V-SB\field-002\4um-HFW__1us.tif
HR,1500.0,0.0,1500.0,4.0,0.001953125,1.0,-0.06652426794137545,0.29444750095222166,D:\rlane\Data\analysis\stage-bias\DATA\HR-mode\1500eV-LE__0V-SB\field-003\4um-HFW__1us.tif
HR,1500.0,0.0,1500.0,4.0,0.001953125,1.0,-0.07401340068932286,0.30274435831723595,D:\rlane\Data\analysis\stage-bias\DATA\HR-mode\1500eV-LE__0V-SB\field-004\4um-HFW__1us.tif
HR,1500.0,0.0,1500.0,4.0,0.001953125,1.0,-0.04961206794117892,0.30404761734523544,D:\rlane\Data\analysis\stage-bias\DATA\HR-mode\1500eV-LE__0V-SB\field-005\4um-HFW__1us.tif
HR,1500.0,0.0,1500.0,4.0,0.001953125,3.0,-0.028002263355769073,0.2273290668424218,D:\rlane\Data\analysis\stage-bias\DATA\HR-mode\1500eV-LE__0V-SB\field-001\4um-HFW__3us.tif
HR,1500.0,0.0,1500.0,4.0,0.001953125,3.0,-0.07117918542324539,0.21730226111748016,D:\rlane\Data\analysis\stage-bias\DATA\HR-mode\1500eV-LE__0V-SB\field-002\4um-HFW__3us.tif
HR,1500.0,0.0,1500.0,4.0,0.001953125,3.0,0.0369372891393224,0.21955265405561555,D:\rlane\Data\analysis\stage-bias\DATA\HR-mode\1500eV-LE__0V-SB\field-003\4um-HFW__3us.tif
HR,1500.0,0.0,1500.0,4.0,0.001953125,3.0,-0.05901247006812663,0.24303353603575742,D:\rlane\Data\analysis\stage-bias\DATA\HR-mode\1500eV-LE__0V-SB\field-004\4um-HFW__3us.tif
HR,1500.0,0.0,1500.0,4.0,0.001953125,3.0,-0.04027843501351305,0.24341679019157467,D:\rlane\Data\analysis\stage-bias\DATA\HR-mode\1500eV-LE__0V-SB\field-005\4um-HFW__3us.tif
HR,1500.0,0.0,1500.0,4.0,0.001953125,5.0,0.30437207134174893,0.17340401695600696,D:\rlane\Data\analysis\stage-bias\DATA\HR-mode\1500eV-LE__0V-SB\field-001\4um-HFW__5us.tif
HR,1500.0,0.0,1500.0,4.0,0.001953125,5.0,0.2580572140377,0.22906702971456794,D:\rlane\Data\analysis\stage-bias\DATA\HR-mode\1500eV-LE__0V-SB\field-002\4um-HFW__5us.tif
HR,1500.0,0.0,1500.0,4.0,0.001953125,5.0,0.2970684809155518,0.24430718507512658,D:\rlane\Data\analysis\stage-bias\DATA\HR-mode\1500eV-LE__0V-SB\field-003\4um-HFW__5us.tif
HR,1500.0,0.0,1500.0,4.0,0.001953125,5.0,0.3226582109423144,0.23763872105562125,D:\rlane\Data\analysis\stage-bias\DATA\HR-mode\1500eV-LE__0V-SB\field-004\4um-HFW__5us.tif
HR,1500.0,0.0,1500.0,4.0,0.001953125,5.0,0.28663197248696065,0.1484366105149952,D:\rlane\Data\analysis\stage-bias\DATA\HR-mode\1500eV-LE__0V-SB\field-005\4um-HFW__5us.tif
HR,1500.0,0.0,1500.0,4.0,0.001953125,10.0,0.5008567577894982,0.2536601898521934,D:\rlane\Data\analysis\stage-bias\DATA\HR-mode\1500eV-LE__0V-SB\field-001\4um-HFW__10us.tif
HR,1500.0,0.0,1500.0,4.0,0.001953125,10.0,0.4349189665088663,0.18650349630187965,D:\rlane\Data\analysis\stage-bias\DATA\HR-mode\1500eV-LE__0V-SB\field-002\4um-HFW__10us.tif
HR,1500.0,0.0,1500.0,4.0,0.001953125,10.0,0.5033399930844684,0.2413987687283498,D:\rlane\Data\analysis\stage-bias\DATA\HR-mode\1500eV-LE__0V-SB\field-003\4um-HFW__10us.tif
HR,1500.0,0.0,1500.0,4.0,0.001953125,10.0,0.49768646702998515,0.22659690264917115,D:\rlane\Data\analysis\stage-bias\DATA\HR-mode\1500eV-LE__0V-SB\field-004\4um-HFW__10us.tif
HR,1500.0,0.0,1500.0,4.0,0.001953125,10.0,0.48868981415119855,0.25876477094908984,D:\rlane\Data\analysis\stage-bias\DATA\HR-mode\1500eV-LE__0V-SB\field-005\4um-HFW__10us.tif
HR,1500.0,0.0,1500.0,4.0,0.001953125,20.0,0.9349705703419895,0.2709273379542537,D:\rlane\Data\analysis\stage-bias\DATA\HR-mode\1500eV-LE__0V-SB\field-001\4um-HFW__20us.tif
HR,1500.0,0.0,1500.0,4.0,0.001953125,20.0,0.8275373998229781,0.26585162287195485,D:\rlane\Data\analysis\stage-bias\DATA\HR-mode\1500eV-LE__0V-SB\field-002\4um-HFW__20us.tif
HR,1500.0,0.0,1500.0,4.0,0.001953125,20.0,0.9612990112923806,0.25193640569484055,D:\rlane\Data\analysis\stage-bias\DATA\HR-mode\1500eV-LE__0V-SB\field-003\4um-HFW__20us.tif
HR,1500.0,0.0,1500.0,4.0,0.001953125,20.0,0.8919406205380075,0.30147017141391147,D:\rlane\Data\analysis\stage-bias\DATA\HR-mode\1500eV-LE__0V-SB\field-004\4um-HFW__20us.tif
HR,1500.0,0.0,1500.0,4.0,0.001953125,20.0,0.9143872949574595,0.28377135304366113,D:\rlane\Data\analysis\stage-bias\DATA\HR-mode\1500eV-LE__0V-SB\field-005\4um-HFW__20us.tif
HR,1500.0,100.0,1600.0,4.0,0.001953125,1.0,-0.028486998595700416,0.32516522021123867,D:\rlane\Data\analysis\stage-bias\DATA\HR-mode\1500eV-LE__100V-SB\field-001\4um-HFW__1us.tif
HR,1500.0,100.0,1600.0,4.0,0.001953125,1.0,-0.06674906671906929,0.31649671178629,D:\rlane\Data\analysis\stage-bias\DATA\HR-mode\1500eV-LE__100V-SB\field-002\4um-HFW__1us.tif
HR,1500.0,100.0,1600.0,4.0,0.001953125,1.0,-0.09711521617603976,0.33010899594132237,D:\rlane\Data\analysis\stage-bias\DATA\HR-mode\1500eV-LE__100V-SB\field-003\4um-HFW__1us.tif
HR,1500.0,100.0,1600.0,4.0,0.001953125,1.0,-0.06682554491772515,0.3079480054211416,D:\rlane\Data\analysis\stage-bias\DATA\HR-mode\1500eV-LE__100V-SB\field-004\4um-HFW__1us.tif
HR,1500.0,100.0,1600.0,4.0,0.001953125,1.0,-0.06055589293376596,0.310646016595953,D:\rlane\Data\analysis\stage-bias\DATA\HR-mode\1500eV-LE__100V-SB\field-005\4um-HFW__1us.tif
HR,1500.0,100.0,1600.0,4.0,0.001953125,3.0,-0.009829859079174962,0.24631557644987706,D:\rlane\Data\analysis\stage-bias\DATA\HR-mode\1500eV-LE__100V-SB\field-001\4um-HFW__3us.tif
HR,1500.0,100.0,1600.0,4.0,0.001953125,3.0,-0.02117825885528757,0.24568068434927265,D:\rlane\Data\analysis\stage-bias\DATA\HR-mode\1500eV-LE__100V-SB\field-002\4um-HFW__3us.tif
HR,1500.0,100.0,1600.0,4.0,0.001953125,3.0,0.07101224998848224,0.2359991292165935,D:\rlane\Data\analysis\stage-bias\DATA\HR-mode\1500eV-LE__100V-SB\field-003\4um-HFW__3us.tif
HR,1500.0,100.0,1600.0,4.0,0.001953125,3.0,0.028162472623052364,0.23695563124810518,D:\rlane\Data\analysis\stage-bias\DATA\HR-mode\1500eV-LE__100V-SB\field-004\4um-HFW__3us.tif
HR,1500.0,100.0,1600.0,4.0,0.001953125,3.0,-0.06862707380501301,0.25684400388024087,D:\rlane\Data\analysis\stage-bias\DATA\HR-mode\1500eV-LE__100V-SB\field-005\4um-HFW__3us.tif
HR,1500.0,100.0,1600.0,4.0,0.001953125,5.0,0.4667114300652058,0.25896960100538696,D:\rlane\Data\analysis\stage-bias\DATA\HR-mode\1500eV-LE__100V-SB\field-001\4um-HFW__5us.tif
HR,1500.0,100.0,1600.0,4.0,0.001953125,5.0,0.306056760689854,0.24346099134356508,D:\rlane\Data\analysis\stage-bias\DATA\HR-mode\1500eV-LE__100V-SB\field-002\4um-HFW__5us.tif
HR,1500.0,100.0,1600.0,4.0,0.001953125,5.0,0.35403871027897643,0.20947236095194705,D:\rlane\Data\analysis\stage-bias\DATA\HR-mode\1500eV-LE__100V-SB\field-003\4um-HFW__5us.tif
HR,1500.0,100.0,1600.0,4.0,0.001953125,5.0,0.24125645659907122,0.2508110310531859,D:\rlane\Data\analysis\stage-bias\DATA\HR-mode\1500eV-LE__100V-SB\field-004\4um-HFW__5us.tif
HR,1500.0,100.0,1600.0,4.0,0.001953125,5.0,0.23227880446412216,0.2570233208027994,D:\rlane\Data\analysis\stage-bias\DATA\HR-mode\1500eV-LE__100V-SB\field-005\4um-HFW__5us.tif
HR,1500.0,100.0,1600.0,4.0,0.001953125,10.0,0.7523988810199941,0.2422088229352208,D:\rlane\Data\analysis\stage-bias\DATA\HR-mode\1500eV-LE__100V-SB\field-001\4um-HFW__10us.tif
HR,1500.0,100.0,1600.0,4.0,0.001953125,10.0,0.4850539842870016,0.2654449316663749,D:\rlane\Data\analysis\stage-bias\DATA\HR-mode\1500eV-LE__100V-SB\field-002\4um-HFW__10us.tif
HR,1500.0,100.0,1600.0,4.0,0.001953125,10.0,0.5606414264358546,0.17782839911092965,D:\rlane\Data\analysis\stage-bias\DATA\HR-mode\1500eV-LE__100V-SB\field-003\4um-HFW__10us.tif
HR,1500.0,100.0,1600.0,4.0,0.001953125,10.0,0.365532478149001,0.26071546072367335,D:\rlane\Data\analysis\stage-bias\DATA\HR-mode\1500eV-LE__100V-SB\field-004\4um-HFW__10us.tif
HR,1500.0,100.0,1600.0,4.0,0.001953125,10.0,0.34780699822561123,0.2836703509505005,D:\rlane\Data\analysis\stage-bias\DATA\HR-mode\1500eV-LE__100V-SB\field-005\4um-HFW__10us.tif
HR,1500.0,100.0,1600.0,4.0,0.001953125,20.0,1.3136326715520628,0.2787637633992223,D:\rlane\Data\analysis\stage-bias\DATA\HR-mode\1500eV-LE__100V-SB\field-001\4um-HFW__20us.tif
HR,1500.0,100.0,1600.0,4.0,0.001953125,20.0,0.9331598898717482,0.22274668860131464,D:\rlane\Data\analysis\stage-bias\DATA\HR-mode\1500eV-LE__100V-SB\field-002\4um-HFW__20us.tif
HR,1500.0,100.0,1600.0,4.0,0.001953125,20.0,1.044294054829613,0.25365799167972164,D:\rlane\Data\analysis\stage-bias\DATA\HR-mode\1500eV-LE__100V-SB\field-003\4um-HFW__20us.tif
HR,1500.0,100.0,1600.0,4.0,0.001953125,20.0,0.7032736142730722,0.2165556996986617,D:\rlane\Data\analysis\stage-bias\DATA\HR-mode\1500eV-LE__100V-SB\field-004\4um-HFW__20us.tif
HR,1500.0,100.0,1600.0,4.0,0.001953125,20.0,0.6588270913157381,0.2660147086670319,D:\rlane\Data\analysis\stage-bias\DATA\HR-mode\1500eV-LE__100V-SB\field-005\4um-HFW__20us.tif
HR,1500.0,200.0,1700.0,4.0,0.001953125,1.0,-0.06290888577068565,0.34499799938247744,D:\rlane\Data\analysis\stage-bias\DATA\HR-mode\1500eV-LE__200V-SB\field-001\4um-HFW__1us.tif
HR,1500.0,200.0,1700.0,4.0,0.001953125,1.0,-0.061829781023716786,0.34000474018256327,D:\rlane\Data\analysis\stage-bias\DATA\HR-mode\1500eV-LE__200V-SB\field-002\4um-HFW__1us.tif
HR,1500.0,200.0,1700.0,4.0,0.001953125,1.0,-0.061653546943936266,0.31937928522024056,D:\rlane\Data\analysis\stage-bias\DATA\HR-mode\1500eV-LE__200V-SB\field-003\4um-HFW__1us.tif
HR,1500.0,200.0,1700.0,4.0,0.001953125,1.0,-0.08028380223798319,0.3301020833483183,D:\rlane\Data\analysis\stage-bias\DATA\HR-mode\1500eV-LE__200V-SB\field-004\4um-HFW__1us.tif
HR,1500.0,200.0,1700.0,4.0,0.001953125,1.0,-0.0772043388945817,0.3247402983155429,D:\rlane\Data\analysis\stage-bias\DATA\HR-mode\1500eV-LE__200V-SB\field-005\4um-HFW__1us.tif
HR,1500.0,200.0,1700.0,4.0,0.001953125,3.0,0.08682571364595862,0.2636579169034259,D:\rlane\Data\analysis\stage-bias\DATA\HR-mode\1500eV-LE__200V-SB\field-001\4um-HFW__3us.tif
HR,1500.0,200.0,1700.0,4.0,0.001953125,3.0,0.11427339865956751,0.2743565936894347,D:\rlane\Data\analysis\stage-bias\DATA\HR-mode\1500eV-LE__200V-SB\field-002\4um-HFW__3us.tif
HR,1500.0,200.0,1700.0,4.0,0.001953125,3.0,0.06030865778588352,0.259032380007135,D:\rlane\Data\analysis\stage-bias\DATA\HR-mode\1500eV-LE__200V-SB\field-003\4um-HFW__3us.tif
HR,1500.0,200.0,1700.0,4.0,0.001953125,3.0,0.060640735213704715,0.2844174982797276,D:\rlane\Data\analysis\stage-bias\DATA\HR-mode\1500eV-LE__200V-SB\field-004\4um-HFW__3us.tif
HR,1500.0,200.0,1700.0,4.0,0.001953125,3.0,0.14068050194469417,0.2863504787730926,D:\rlane\Data\analysis\stage-bias\DATA\HR-mode\1500eV-LE__200V-SB\field-005\4um-HFW__3us.tif
HR,1500.0,200.0,1700.0,4.0,0.001953125,5.0,0.4970042393836698,0.2472465741808916,D:\rlane\Data\analysis\stage-bias\DATA\HR-mode\1500eV-LE__200V-SB\field-001\4um-HFW__5us.tif
HR,1500.0,200.0,1700.0,4.0,0.001953125,5.0,0.5359168930388073,0.2891305919497553,D:\rlane\Data\analysis\stage-bias\DATA\HR-mode\1500eV-LE__200V-SB\field-002\4um-HFW__5us.tif
HR,1500.0,200.0,1700.0,4.0,0.001953125,5.0,0.5051501493227412,0.2885590793216936,D:\rlane\Data\analysis\stage-bias\DATA\HR-mode\1500eV-LE__200V-SB\field-003\4um-HFW__5us.tif
HR,1500.0,200.0,1700.0,4.0,0.001953125,5.0,0.46790766200446193,0.29116427064892897,D:\rlane\Data\analysis\stage-bias\DATA\HR-mode\1500eV-LE__200V-SB\field-004\4um-HFW__5us.tif
HR,1500.0,200.0,1700.0,4.0,0.001953125,5.0,0.5224922313242589,0.25211820297333115,D:\rlane\Data\analysis\stage-bias\DATA\HR-mode\1500eV-LE__200V-SB\field-005\4um-HFW__5us.tif
HR,1500.0,200.0,1700.0,4.0,0.001953125,10.0,0.8403473271504123,0.24129709367825083,D:\rlane\Data\analysis\stage-bias\DATA\HR-mode\1500eV-LE__200V-SB\field-001\4um-HFW__10us.tif
HR,1500.0,200.0,1700.0,4.0,0.001953125,10.0,0.9166984839798579,0.25720061635833175,D:\rlane\Data\analysis\stage-bias\DATA\HR-mode\1500eV-LE__200V-SB\field-002\4um-HFW__10us.tif
HR,1500.0,200.0,1700.0,4.0,0.001953125,10.0,0.8567432450777109,0.3126125351797108,D:\rlane\Data\analysis\stage-bias\DATA\HR-mode\1500eV-LE__200V-SB\field-003\4um-HFW__10us.tif
HR,1500.0,200.0,1700.0,4.0,0.001953125,10.0,0.7837993071424859,0.2897790247754563,D:\rlane\Data\analysis\stage-bias\DATA\HR-mode\1500eV-LE__200V-SB\field-004\4um-HFW__10us.tif
HR,1500.0,200.0,1700.0,4.0,0.001953125,10.0,0.8937446047422704,0.2630673202334346,D:\rlane\Data\analysis\stage-bias\DATA\HR-mode\1500eV-LE__200V-SB\field-005\4um-HFW__10us.tif
HR,1500.0,200.0,1700.0,4.0,0.001953125,20.0,1.596901860546702,0.2805096192093871,D:\rlane\Data\analysis\stage-bias\DATA\HR-mode\1500eV-LE__200V-SB\field-001\4um-HFW__20us.tif
HR,1500.0,200.0,1700.0,4.0,0.001953125,20.0,1.6653450364072324,0.2872841197487355,D:\rlane\Data\analysis\stage-bias\DATA\HR-mode\1500eV-LE__200V-SB\field-002\4um-HFW__20us.tif
HR,1500.0,200.0,1700.0,4.0,0.001953125,20.0,1.4812739815444582,0.29642664622155196,D:\rlane\Data\analysis\stage-bias\DATA\HR-mode\1500eV-LE__200V-SB\field-003\4um-HFW__20us.tif
HR,1500.0,200.0,1700.0,4.0,0.001953125,20.0,1.3979003164730746,0.2969133565535667,D:\rlane\Data\analysis\stage-bias\DATA\HR-mode\1500eV-LE__200V-SB\field-004\4um-HFW__20us.tif
HR,1500.0,200.0,1700.0,4.0,0.001953125,20.0,1.630836456311043,0.22081874499113516,D:\rlane\Data\analysis\stage-bias\DATA\HR-mode\1500eV-LE__200V-SB\field-005\4um-HFW__20us.tif
HR,1500.0,500.0,2000.0,4.0,0.001953125,1.0,-0.00923402320446976,0.27535526191430804,D:\rlane\Data\analysis\stage-bias\DATA\HR-mode\1500eV-LE__500V-SB\field-001\4um-HFW__1us.tif
HR,1500.0,500.0,2000.0,4.0,0.001953125,1.0,-0.026209637587076503,0.3250495214931767,D:\rlane\Data\analysis\stage-bias\DATA\HR-mode\1500eV-LE__500V-SB\field-002\4um-HFW__1us.tif
HR,1500.0,500.0,2000.0,4.0,0.001953125,1.0,-0.07973545853429652,0.3100776420333842,D:\rlane\Data\analysis\stage-bias\DATA\HR-mode\1500eV-LE__500V-SB\field-003\4um-HFW__1us.tif
HR,1500.0,500.0,2000.0,4.0,0.001953125,1.0,-0.04401754614178953,0.33769463312802056,D:\rlane\Data\analysis\stage-bias\DATA\HR-mode\1500eV-LE__500V-SB\field-004\4um-HFW__1us.tif
HR,1500.0,500.0,2000.0,4.0,0.001953125,1.0,-0.0030284721843684996,0.32392109350073267,D:\rlane\Data\analysis\stage-bias\DATA\HR-mode\1500eV-LE__500V-SB\field-005\4um-HFW__1us.tif
HR,1500.0,500.0,2000.0,4.0,0.001953125,3.0,0.27869216926841045,0.17269969871187787,D:\rlane\Data\analysis\stage-bias\DATA\HR-mode\1500eV-LE__500V-SB\field-001\4um-HFW__3us.tif
HR,1500.0,500.0,2000.0,4.0,0.001953125,3.0,0.14242499378715667,0.2430152361174846,D:\rlane\Data\analysis\stage-bias\DATA\HR-mode\1500eV-LE__500V-SB\field-002\4um-HFW__3us.tif
HR,1500.0,500.0,2000.0,4.0,0.001953125,3.0,0.2425214572435839,0.26879967230919577,D:\rlane\Data\analysis\stage-bias\DATA\HR-mode\1500eV-LE__500V-SB\field-003\4um-HFW__3us.tif
HR,1500.0,500.0,2000.0,4.0,0.001953125,3.0,0.4605411179023359,0.27282397214564974,D:\rlane\Data\analysis\stage-bias\DATA\HR-mode\1500eV-LE__500V-SB\field-004\4um-HFW__3us.tif
HR,1500.0,500.0,2000.0,4.0,0.001953125,3.0,0.2328349539733723,0.2689287056254902,D:\rlane\Data\analysis\stage-bias\DATA\HR-mode\1500eV-LE__500V-SB\field-005\4um-HFW__3us.tif
HR,1500.0,500.0,2000.0,4.0,0.001953125,5.0,0.8931063941873963,0.2571061719233479,D:\rlane\Data\analysis\stage-bias\DATA\HR-mode\1500eV-LE__500V-SB\field-001\4um-HFW__5us.tif
HR,1500.0,500.0,2000.0,4.0,0.001953125,5.0,0.7224710883768628,0.21678852651946784,D:\rlane\Data\analysis\stage-bias\DATA\HR-mode\1500eV-LE__500V-SB\field-002\4um-HFW__5us.tif
HR,1500.0,500.0,2000.0,4.0,0.001953125,5.0,0.7137414391596728,0.2568763491926162,D:\rlane\Data\analysis\stage-bias\DATA\HR-mode\1500eV-LE__500V-SB\field-003\4um-HFW__5us.tif
HR,1500.0,500.0,2000.0,4.0,0.001953125,5.0,1.1105044262960517,0.3140776564518397,D:\rlane\Data\analysis\stage-bias\DATA\HR-mode\1500eV-LE__500V-SB\field-004\4um-HFW__5us.tif
HR,1500.0,500.0,2000.0,4.0,0.001953125,5.0,0.8910376307405262,0.3160897342875228,D:\rlane\Data\analysis\stage-bias\DATA\HR-mode\1500eV-LE__500V-SB\field-005\4um-HFW__5us.tif
HR,1500.0,500.0,2000.0,4.0,0.001953125,10.0,1.4540674678148764,0.20109566512089097,D:\rlane\Data\analysis\stage-bias\DATA\HR-mode\1500eV-LE__500V-SB\field-001\4um-HFW__10us.tif
HR,1500.0,500.0,2000.0,4.0,0.001953125,10.0,1.1131232027142064,0.22573779939092933,D:\rlane\Data\analysis\stage-bias\DATA\HR-mode\1500eV-LE__500V-SB\field-002\4um-HFW__10us.tif
HR,1500.0,500.0,2000.0,4.0,0.001953125,10.0,1.1233113671485417,0.24187465499030217,D:\rlane\Data\analysis\stage-bias\DATA\HR-mode\1500eV-LE__500V-SB\field-003\4um-HFW__10us.tif
HR,1500.0,500.0,2000.0,4.0,0.001953125,10.0,1.814291273594289,0.29398426105883924,D:\rlane\Data\analysis\stage-bias\DATA\HR-mode\1500eV-LE__500V-SB\field-004\4um-HFW__10us.tif
HR,1500.0,500.0,2000.0,4.0,0.001953125,10.0,1.5200945807087838,0.3178792394723174,D:\rlane\Data\analysis\stage-bias\DATA\HR-mode\1500eV-LE__500V-SB\field-005\4um-HFW__10us.tif
HR,1500.0,500.0,2000.0,4.0,0.001953125,20.0,2.6889794857813145,0.22785927932733918,D:\rlane\Data\analysis\stage-bias\DATA\HR-mode\1500eV-LE__500V-SB\field-001\4um-HFW__20us.tif
HR,1500.0,500.0,2000.0,4.0,0.001953125,20.0,1.8931943518520375,0.2228110933649286,D:\rlane\Data\analysis\stage-bias\DATA\HR-mode\1500eV-LE__500V-SB\field-002\4um-HFW__20us.tif
HR,1500.0,500.0,2000.0,4.0,0.001953125,20.0,1.9577159142833218,0.28112237480621555,D:\rlane\Data\analysis\stage-bias\DATA\HR-mode\1500eV-LE__500V-SB\field-003\4um-HFW__20us.tif
HR,1500.0,500.0,2000.0,4.0,0.001953125,20.0,3.254899922312689,0.29344787283173823,D:\rlane\Data\analysis\stage-bias\DATA\HR-mode\1500eV-LE__500V-SB\field-004\4um-HFW__20us.tif
HR,1500.0,500.0,2000.0,4.0,0.001953125,20.0,2.644224973179143,0.31374486451514555,D:\rlane\Data\analysis\stage-bias\DATA\HR-mode\1500eV-LE__500V-SB\field-005\4um-HFW__20us.tif
HR,1500.0,1000.0,2500.0,4.0,0.001953125,1.0,0.14098221704879954,0.30157580922877336,D:\rlane\Data\analysis\stage-bias\DATA\HR-mode\1500eV-LE__1000V-SB\field-001\4um-HFW__1us.tif
HR,1500.0,1000.0,2500.0,4.0,0.001953125,1.0,0.08803770697669779,0.2866092834093731,D:\rlane\Data\analysis\stage-bias\DATA\HR-mode\1500eV-LE__1000V-SB\field-002\4um-HFW__1us.tif
HR,1500.0,1000.0,2500.0,4.0,0.001953125,1.0,0.15529004554218231,0.29988576384746474,D:\rlane\Data\analysis\stage-bias\DATA\HR-mode\1500eV-LE__1000V-SB\field-003\4um-HFW__1us.tif
HR,1500.0,1000.0,2500.0,4.0,0.001953125,1.0,0.1503897123413044,0.2937385207292457,D:\rlane\Data\analysis\stage-bias\DATA\HR-mode\1500eV-LE__1000V-SB\field-004\4um-HFW__1us.tif
HR,1500.0,1000.0,2500.0,4.0,0.001953125,1.0,0.2322460934673015,0.3096783011445233,D:\rlane\Data\analysis\stage-bias\DATA\HR-mode\1500eV-LE__1000V-SB\field-005\4um-HFW__1us.tif
HR,1500.0,1000.0,2500.0,4.0,0.001953125,3.0,1.335113445457805,0.31932247673452563,D:\rlane\Data\analysis\stage-bias\DATA\HR-mode\1500eV-LE__1000V-SB\field-001\4um-HFW__3us.tif
HR,1500.0,1000.0,2500.0,4.0,0.001953125,3.0,1.0842996812118548,0.28237979799821583,D:\rlane\Data\analysis\stage-bias\DATA\HR-mode\1500eV-LE__1000V-SB\field-002\4um-HFW__3us.tif
HR,1500.0,1000.0,2500.0,4.0,0.001953125,3.0,1.0320918478067918,0.2577724955820578,D:\rlane\Data\analysis\stage-bias\DATA\HR-mode\1500eV-LE__1000V-SB\field-003\4um-HFW__3us.tif
HR,1500.0,1000.0,2500.0,4.0,0.001953125,3.0,1.1734990771360096,0.30682613557929755,D:\rlane\Data\analysis\stage-bias\DATA\HR-mode\1500eV-LE__1000V-SB\field-004\4um-HFW__3us.tif
HR,1500.0,1000.0,2500.0,4.0,0.001953125,3.0,1.31425705950976,0.28692003416262796,D:\rlane\Data\analysis\stage-bias\DATA\HR-mode\1500eV-LE__1000V-SB\field-005\4um-HFW__3us.tif
HR,1500.0,1000.0,2500.0,4.0,0.001953125,5.0,3.078415666776223,0.35050498291613874,D:\rlane\Data\analysis\stage-bias\DATA\HR-mode\1500eV-LE__1000V-SB\field-001\4um-HFW__5us.tif
HR,1500.0,1000.0,2500.0,4.0,0.001953125,5.0,2.5918775610601017,0.3792824777952285,D:\rlane\Data\analysis\stage-bias\DATA\HR-mode\1500eV-LE__1000V-SB\field-002\4um-HFW__5us.tif
HR,1500.0,1000.0,2500.0,4.0,0.001953125,5.0,2.530784124742959,0.278645512826479,D:\rlane\Data\analysis\stage-bias\DATA\HR-mode\1500eV-LE__1000V-SB\field-003\4um-HFW__5us.tif
HR,1500.0,1000.0,2500.0,4.0,0.001953125,5.0,2.9067746539625436,0.3407324061990414,D:\rlane\Data\analysis\stage-bias\DATA\HR-mode\1500eV-LE__1000V-SB\field-004\4um-HFW__5us.tif
HR,1500.0,1000.0,2500.0,4.0,0.001953125,5.0,2.749495305107352,0.27901369516050867,D:\rlane\Data\analysis\stage-bias\DATA\HR-mode\1500eV-LE__1000V-SB\field-005\4um-HFW__5us.tif
HR,1500.0,1000.0,2500.0,4.0,0.001953125,10.0,5.1352342747867095,0.3593905965210135,D:\rlane\Data\analysis\stage-bias\DATA\HR-mode\1500eV-LE__1000V-SB\field-001\4um-HFW__10us.tif
HR,1500.0,1000.0,2500.0,4.0,0.001953125,10.0,4.180403880770539,0.2914729745952771,D:\rlane\Data\analysis\stage-bias\DATA\HR-mode\1500eV-LE__1000V-SB\field-002\4um-HFW__10us.tif
HR,1500.0,1000.0,2500.0,4.0,0.001953125,10.0,4.009088140365337,0.24858627075563927,D:\rlane\Data\analysis\stage-bias\DATA\HR-mode\1500eV-LE__1000V-SB\field-003\4um-HFW__10us.tif
HR,1500.0,1000.0,2500.0,4.0,0.001953125,10.0,4.6264810899833115,0.33673629761636287,D:\rlane\Data\analysis\stage-bias\DATA\HR-mode\1500eV-LE__1000V-SB\field-004\4um-HFW__10us.tif
HR,1500.0,1000.0,2500.0,4.0,0.001953125,10.0,5.188286585549188,0.3001171304880987,D:\rlane\Data\analysis\stage-bias\DATA\HR-mode\1500eV-LE__1000V-SB\field-005\4um-HFW__10us.tif
HR,1500.0,1000.0,2500.0,4.0,0.001953125,20.0,8.549874832944374,0.34186907808832306,D:\rlane\Data\analysis\stage-bias\DATA\HR-mode\1500eV-LE__1000V-SB\field-001\4um-HFW__20us.tif
HR,1500.0,1000.0,2500.0,4.0,0.001953125,20.0,6.885012276880414,0.268216209897916,D:\rlane\Data\analysis\stage-bias\DATA\HR-mode\1500eV-LE__1000V-SB\field-002\4um-HFW__20us.tif
HR,1500.0,1000.0,2500.0,4.0,0.001953125,20.0,6.619919322853974,0.24138085347193577,D:\rlane\Data\analysis\stage-bias\DATA\HR-mode\1500eV-LE__1000V-SB\field-003\4um-HFW__20us.tif
HR,1500.0,1000.0,2500.0,4.0,0.001953125,20.0,7.603506529296444,0.3487915320106933,D:\rlane\Data\analysis\stage-bias\DATA\HR-mode\1500eV-LE__1000V-SB\field-004\4um-HFW__20us.tif
HR,1500.0,1000.0,2500.0,4.0,0.001953125,20.0,8.69507542204293,0.2602808555356415,D:\rlane\Data\analysis\stage-bias\DATA\HR-mode\1500eV-LE__1000V-SB\field-005\4um-HFW__20us.tif
HR,1500.0,1500.0,3000.0,4.0,0.001953125,1.0,0.3031973496247823,0.3304919724114077,D:\rlane\Data\analysis\stage-bias\DATA\HR-mode\1500eV-LE__1500V-SB\field-001\4um-HFW__1us.tif
HR,1500.0,1500.0,3000.0,4.0,0.001953125,1.0,0.3668068521812162,0.30180373898691387,D:\rlane\Data\analysis\stage-bias\DATA\HR-mode\1500eV-LE__1500V-SB\field-002\4um-HFW__1us.tif
HR,1500.0,1500.0,3000.0,4.0,0.001953125,1.0,0.32078762111622167,0.29848898593212764,D:\rlane\Data\analysis\stage-bias\DATA\HR-mode\1500eV-LE__1500V-SB\field-003\4um-HFW__1us.tif
HR,1500.0,1500.0,3000.0,4.0,0.001953125,1.0,0.31143025651520945,0.28961620938587906,D:\rlane\Data\analysis\stage-bias\DATA\HR-mode\1500eV-LE__1500V-SB\field-004\4um-HFW__1us.tif
HR,1500.0,1500.0,3000.0,4.0,0.001953125,1.0,0.6073825195499086,0.30117566672587187,D:\rlane\Data\analysis\stage-bias\DATA\HR-mode\1500eV-LE__1500V-SB\field-005\4um-HFW__1us.tif
HR,1500.0,1500.0,3000.0,4.0,0.001953125,3.0,1.6857605663467663,0.32887511528666286,D:\rlane\Data\analysis\stage-bias\DATA\HR-mode\1500eV-LE__1500V-SB\field-001\4um-HFW__3us.tif
HR,1500.0,1500.0,3000.0,4.0,0.001953125,3.0,1.6121025428189941,0.2857732721870202,D:\rlane\Data\analysis\stage-bias\DATA\HR-mode\1500eV-LE__1500V-SB\field-002\4um-HFW__3us.tif
HR,1500.0,1500.0,3000.0,4.0,0.001953125,3.0,1.7432557506314028,0.2725145328175992,D:\rlane\Data\analysis\stage-bias\DATA\HR-mode\1500eV-LE__1500V-SB\field-003\4um-HFW__3us.tif
HR,1500.0,1500.0,3000.0,4.0,0.001953125,3.0,1.8423162963722801,0.2935262608316461,D:\rlane\Data\analysis\stage-bias\DATA\HR-mode\1500eV-LE__1500V-SB\field-004\4um-HFW__3us.tif
HR,1500.0,1500.0,3000.0,4.0,0.001953125,3.0,3.1223144927784645,0.23946962681789127,D:\rlane\Data\analysis\stage-bias\DATA\HR-mode\1500eV-LE__1500V-SB\field-005\4um-HFW__3us.tif
HR,1500.0,1500.0,3000.0,4.0,0.001953125,5.0,3.516898644848754,0.35883052220724326,D:\rlane\Data\analysis\stage-bias\DATA\HR-mode\1500eV-LE__1500V-SB\field-001\4um-HFW__5us.tif
HR,1500.0,1500.0,3000.0,4.0,0.001953125,5.0,3.28243295460885,0.31789421891846187,D:\rlane\Data\analysis\stage-bias\DATA\HR-mode\1500eV-LE__1500V-SB\field-002\4um-HFW__5us.tif
HR,1500.0,1500.0,3000.0,4.0,0.001953125,5.0,3.6977288803259603,0.2758320727541355,D:\rlane\Data\analysis\stage-bias\DATA\HR-mode\1500eV-LE__1500V-SB\field-003\4um-HFW__5us.tif
HR,1500.0,1500.0,3000.0,4.0,0.001953125,5.0,3.7046320709007365,0.2847434462737935,D:\rlane\Data\analysis\stage-bias\DATA\HR-mode\1500eV-LE__1500V-SB\field-004\4um-HFW__5us.tif
HR,1500.0,1500.0,3000.0,4.0,0.001953125,5.0,6.17572143005231,0.23184127937651608,D:\rlane\Data\analysis\stage-bias\DATA\HR-mode\1500eV-LE__1500V-SB\field-005\4um-HFW__5us.tif
HR,1500.0,1500.0,3000.0,4.0,0.001953125,10.0,5.112814848094595,0.32661968390110635,D:\rlane\Data\analysis\stage-bias\DATA\HR-mode\1500eV-LE__1500V-SB\field-001\4um-HFW__10us.tif
HR,1500.0,1500.0,3000.0,4.0,0.001953125,10.0,4.68834654289077,0.27260648223949663,D:\rlane\Data\analysis\stage-bias\DATA\HR-mode\1500eV-LE__1500V-SB\field-002\4um-HFW__10us.tif
HR,1500.0,1500.0,3000.0,4.0,0.001953125,10.0,5.404492567594284,0.2662560923672765,D:\rlane\Data\analysis\stage-bias\DATA\HR-mode\1500eV-LE__1500V-SB\field-003\4um-HFW__10us.tif
HR,1500.0,1500.0,3000.0,4.0,0.001953125,10.0,5.311425103074374,0.25880160007484754,D:\rlane\Data\analysis\stage-bias\DATA\HR-mode\1500eV-LE__1500V-SB\field-004\4um-HFW__10us.tif
HR,1500.0,1500.0,3000.0,4.0,0.001953125,10.0,9.348867590618228,0.21916610257620875,D:\rlane\Data\analysis\stage-bias\DATA\HR-mode\1500eV-LE__1500V-SB\field-005\4um-HFW__10us.tif
HR,1500.0,1500.0,3000.0,4.0,0.001953125,20.0,8.730457821814941,0.31549637826810756,D:\rlane\Data\analysis\stage-bias\DATA\HR-mode\1500eV-LE__1500V-SB\field-001\4um-HFW__20us.tif
HR,1500.0,1500.0,3000.0,4.0,0.001953125,20.0,8.147348055602883,0.28256580123871106,D:\rlane\Data\analysis\stage-bias\DATA\HR-mode\1500eV-LE__1500V-SB\field-002\4um-HFW__20us.tif
HR,1500.0,1500.0,3000.0,4.0,0.001953125,20.0,8.752905960369498,0.2593035096322494,D:\rlane\Data\analysis\stage-bias\DATA\HR-mode\1500eV-LE__1500V-SB\field-003\4um-HFW__20us.tif
HR,1500.0,1500.0,3000.0,4.0,0.001953125,20.0,9.30687749124501,0.25722105682517454,D:\rlane\Data\analysis\stage-bias\DATA\HR-mode\1500eV-LE__1500V-SB\field-004\4um-HFW__20us.tif
HR,1500.0,1500.0,3000.0,4.0,0.001953125,20.0,15.001231203034944,0.1916246383583387,D:\rlane\Data\analysis\stage-bias\DATA\HR-mode\1500eV-LE__1500V-SB\field-005\4um-HFW__20us.tif
HR,1500.0,2000.0,3500.0,4.0,0.001953125,1.0,0.35090646375623896,0.2736212450307687,D:\rlane\Data\analysis\stage-bias\DATA\HR-mode\1500eV-LE__2000V-SB\field-001\4um-HFW__1us.tif
HR,1500.0,2000.0,3500.0,4.0,0.001953125,1.0,0.42707859627775197,0.2778270786828657,D:\rlane\Data\analysis\stage-bias\DATA\HR-mode\1500eV-LE__2000V-SB\field-002\4um-HFW__1us.tif
HR,1500.0,2000.0,3500.0,4.0,0.001953125,1.0,0.36112001406207833,0.2619292663588623,D:\rlane\Data\analysis\stage-bias\DATA\HR-mode\1500eV-LE__2000V-SB\field-003\4um-HFW__1us.tif
HR,1500.0,2000.0,3500.0,4.0,0.001953125,1.0,0.4443045824115158,0.2823346017366354,D:\rlane\Data\analysis\stage-bias\DATA\HR-mode\1500eV-LE__2000V-SB\field-004\4um-HFW__1us.tif
HR,1500.0,2000.0,3500.0,4.0,0.001953125,1.0,0.3810427687904551,0.29514372986369375,D:\rlane\Data\analysis\stage-bias\DATA\HR-mode\1500eV-LE__2000V-SB\field-005\4um-HFW__1us.tif
HR,1500.0,2000.0,3500.0,4.0,0.001953125,3.0,1.7730526907409705,0.2327520664306101,D:\rlane\Data\analysis\stage-bias\DATA\HR-mode\1500eV-LE__2000V-SB\field-001\4um-HFW__3us.tif
HR,1500.0,2000.0,3500.0,4.0,0.001953125,3.0,2.4156665168771654,0.2013350150232737,D:\rlane\Data\analysis\stage-bias\DATA\HR-mode\1500eV-LE__2000V-SB\field-002\4um-HFW__3us.tif
HR,1500.0,2000.0,3500.0,4.0,0.001953125,3.0,2.3949634877671855,0.21198919075717088,D:\rlane\Data\analysis\stage-bias\DATA\HR-mode\1500eV-LE__2000V-SB\field-003\4um-HFW__3us.tif
HR,1500.0,2000.0,3500.0,4.0,0.001953125,3.0,2.1968188434238862,0.26157895347817106,D:\rlane\Data\analysis\stage-bias\DATA\HR-mode\1500eV-LE__2000V-SB\field-004\4um-HFW__3us.tif
HR,1500.0,2000.0,3500.0,4.0,0.001953125,3.0,2.046892425423574,0.2838266214770115,D:\rlane\Data\analysis\stage-bias\DATA\HR-mode\1500eV-LE__2000V-SB\field-005\4um-HFW__3us.tif
HR,1500.0,2000.0,3500.0,4.0,0.001953125,5.0,3.2645030334622853,0.2875153607359294,D:\rlane\Data\analysis\stage-bias\DATA\HR-mode\1500eV-LE__2000V-SB\field-001\4um-HFW__5us.tif
HR,1500.0,2000.0,3500.0,4.0,0.001953125,5.0,3.9416164631931054,0.23542500282961004,D:\rlane\Data\analysis\stage-bias\DATA\HR-mode\1500eV-LE__2000V-SB\field-002\4um-HFW__5us.tif
HR,1500.0,2000.0,3500.0,4.0,0.001953125,5.0,3.509479500088535,0.15581844083704088,D:\rlane\Data\analysis\stage-bias\DATA\HR-mode\1500eV-LE__2000V-SB\field-003\4um-HFW__5us.tif
HR,1500.0,2000.0,3500.0,4.0,0.001953125,5.0,3.1217725128047507,0.2762125454689821,D:\rlane\Data\analysis\stage-bias\DATA\HR-mode\1500eV-LE__2000V-SB\field-004\4um-HFW__5us.tif
HR,1500.0,2000.0,3500.0,4.0,0.001953125,5.0,3.3511781913437506,0.28774965338466385,D:\rlane\Data\analysis\stage-bias\DATA\HR-mode\1500eV-LE__2000V-SB\field-005\4um-HFW__5us.tif
HR,1500.0,2000.0,3500.0,4.0,0.001953125,10.0,4.336704543461636,0.2956654102441658,D:\rlane\Data\analysis\stage-bias\DATA\HR-mode\1500eV-LE__2000V-SB\field-001\4um-HFW__10us.tif
HR,1500.0,2000.0,3500.0,4.0,0.001953125,10.0,5.886931682338525,0.21226648251343058,D:\rlane\Data\analysis\stage-bias\DATA\HR-mode\1500eV-LE__2000V-SB\field-002\4um-HFW__10us.tif
HR,1500.0,2000.0,3500.0,4.0,0.001953125,10.0,5.25277239146121,0.19330276472673052,D:\rlane\Data\analysis\stage-bias\DATA\HR-mode\1500eV-LE__2000V-SB\field-003\4um-HFW__10us.tif
HR,1500.0,2000.0,3500.0,4.0,0.001953125,10.0,4.765887109165098,0.2660345015438622,D:\rlane\Data\analysis\stage-bias\DATA\HR-mode\1500eV-LE__2000V-SB\field-004\4um-HFW__10us.tif
HR,1500.0,2000.0,3500.0,4.0,0.001953125,10.0,5.457040333726947,0.2955727505564073,D:\rlane\Data\analysis\stage-bias\DATA\HR-mode\1500eV-LE__2000V-SB\field-005\4um-HFW__10us.tif
HR,1500.0,2000.0,3500.0,4.0,0.001953125,20.0,7.745485319165238,0.2848206829848127,D:\rlane\Data\analysis\stage-bias\DATA\HR-mode\1500eV-LE__2000V-SB\field-001\4um-HFW__20us.tif
HR,1500.0,2000.0,3500.0,4.0,0.001953125,20.0,9.36520654394416,0.200665553154198,D:\rlane\Data\analysis\stage-bias\DATA\HR-mode\1500eV-LE__2000V-SB\field-002\4um-HFW__20us.tif
HR,1500.0,2000.0,3500.0,4.0,0.001953125,20.0,8.561982580676927,0.14376063884857287,D:\rlane\Data\analysis\stage-bias\DATA\HR-mode\1500eV-LE__2000V-SB\field-003\4um-HFW__20us.tif
HR,1500.0,2000.0,3500.0,4.0,0.001953125,20.0,7.759240396742893,0.27909426557164735,D:\rlane\Data\analysis\stage-bias\DATA\HR-mode\1500eV-LE__2000V-SB\field-004\4um-HFW__20us.tif
HR,1500.0,2000.0,3500.0,4.0,0.001953125,20.0,8.52350693484685,0.298752679005403,D:\rlane\Data\analysis\stage-bias\DATA\HR-mode\1500eV-LE__2000V-SB\field-005\4um-HFW__20us.tif
HR,1500.0,3000.0,4500.0,4.0,0.001953125,1.0,1.0581440072186015,0.28533603177065625,D:\rlane\Data\analysis\stage-bias\DATA\HR-mode\1500eV-LE__3000V-SB\field-001\4um-HFW__1us.tif
HR,1500.0,3000.0,4500.0,4.0,0.001953125,1.0,0.6134621021283017,0.28925429194081187,D:\rlane\Data\analysis\stage-bias\DATA\HR-mode\1500eV-LE__3000V-SB\field-002\4um-HFW__1us.tif
HR,1500.0,3000.0,4500.0,4.0,0.001953125,1.0,0.4632554850743682,0.24077435014508575,D:\rlane\Data\analysis\stage-bias\DATA\HR-mode\1500eV-LE__3000V-SB\field-003\4um-HFW__1us.tif
HR,1500.0,3000.0,4500.0,4.0,0.001953125,1.0,0.6547186908888486,0.2760073124908866,D:\rlane\Data\analysis\stage-bias\DATA\HR-mode\1500eV-LE__3000V-SB\field-004\4um-HFW__1us.tif
HR,1500.0,3000.0,4500.0,4.0,0.001953125,1.0,0.6171546748558566,0.30616247788617146,D:\rlane\Data\analysis\stage-bias\DATA\HR-mode\1500eV-LE__3000V-SB\field-005\4um-HFW__1us.tif
HR,1500.0,3000.0,4500.0,4.0,0.001953125,3.0,4.1986019793543425,0.27443934387317276,D:\rlane\Data\analysis\stage-bias\DATA\HR-mode\1500eV-LE__3000V-SB\field-001\4um-HFW__3us.tif
HR,1500.0,3000.0,4500.0,4.0,0.001953125,3.0,2.0229704541006703,0.2731277461568877,D:\rlane\Data\analysis\stage-bias\DATA\HR-mode\1500eV-LE__3000V-SB\field-002\4um-HFW__3us.tif
HR,1500.0,3000.0,4500.0,4.0,0.001953125,3.0,1.5655100907498172,0.2376085025785604,D:\rlane\Data\analysis\stage-bias\DATA\HR-mode\1500eV-LE__3000V-SB\field-003\4um-HFW__3us.tif
HR,1500.0,3000.0,4500.0,4.0,0.001953125,3.0,2.71498915291276,0.23833695071415534,D:\rlane\Data\analysis\stage-bias\DATA\HR-mode\1500eV-LE__3000V-SB\field-004\4um-HFW__3us.tif
HR,1500.0,3000.0,4500.0,4.0,0.001953125,3.0,1.982457097959233,0.282659206508564,D:\rlane\Data\analysis\stage-bias\DATA\HR-mode\1500eV-LE__3000V-SB\field-005\4um-HFW__3us.tif
HR,1500.0,3000.0,4500.0,4.0,0.001953125,5.0,5.488378683075334,0.27652881396885093,D:\rlane\Data\analysis\stage-bias\DATA\HR-mode\1500eV-LE__3000V-SB\field-001\4um-HFW__5us.tif
HR,1500.0,3000.0,4500.0,4.0,0.001953125,5.0,4.119484014227693,0.30481740265553264,D:\rlane\Data\analysis\stage-bias\DATA\HR-mode\1500eV-LE__3000V-SB\field-002\4um-HFW__5us.tif
HR,1500.0,3000.0,4500.0,4.0,0.001953125,5.0,3.374872184310759,0.2771711333168562,D:\rlane\Data\analysis\stage-bias\DATA\HR-mode\1500eV-LE__3000V-SB\field-003\4um-HFW__5us.tif
HR,1500.0,3000.0,4500.0,4.0,0.001953125,5.0,3.613399481650159,0.16831814616254434,D:\rlane\Data\analysis\stage-bias\DATA\HR-mode\1500eV-LE__3000V-SB\field-004\4um-HFW__5us.tif
HR,1500.0,3000.0,4500.0,4.0,0.001953125,5.0,3.756180981587208,0.3133356879354198,D:\rlane\Data\analysis\stage-bias\DATA\HR-mode\1500eV-LE__3000V-SB\field-005\4um-HFW__5us.tif
HR,1500.0,3000.0,4500.0,4.0,0.001953125,10.0,6.361721239994382,0.2635879982912391,D:\rlane\Data\analysis\stage-bias\DATA\HR-mode\1500eV-LE__3000V-SB\field-001\4um-HFW__10us.tif
HR,1500.0,3000.0,4500.0,4.0,0.001953125,10.0,5.672922711809528,0.30094762647489487,D:\rlane\Data\analysis\stage-bias\DATA\HR-mode\1500eV-LE__3000V-SB\field-002\4um-HFW__10us.tif
HR,1500.0,3000.0,4500.0,4.0,0.001953125,10.0,4.5415021125172945,0.27746604858888213,D:\rlane\Data\analysis\stage-bias\DATA\HR-mode\1500eV-LE__3000V-SB\field-003\4um-HFW__10us.tif
HR,1500.0,3000.0,4500.0,4.0,0.001953125,10.0,5.232557213583504,0.18157360713300608,D:\rlane\Data\analysis\stage-bias\DATA\HR-mode\1500eV-LE__3000V-SB\field-004\4um-HFW__10us.tif
HR,1500.0,3000.0,4500.0,4.0,0.001953125,10.0,5.192224077481305,0.35224122170136346,D:\rlane\Data\analysis\stage-bias\DATA\HR-mode\1500eV-LE__3000V-SB\field-005\4um-HFW__10us.tif
HR,1500.0,3000.0,4500.0,4.0,0.001953125,20.0,10.021746378391459,0.2249787180760529,D:\rlane\Data\analysis\stage-bias\DATA\HR-mode\1500eV-LE__3000V-SB\field-001\4um-HFW__20us.tif
HR,1500.0,3000.0,4500.0,4.0,0.001953125,20.0,8.336661088241323,0.322467198820773,D:\rlane\Data\analysis\stage-bias\DATA\HR-mode\1500eV-LE__3000V-SB\field-002\4um-HFW__20us.tif
HR,1500.0,3000.0,4500.0,4.0,0.001953125,20.0,6.440395708016621,0.2369098200308157,D:\rlane\Data\analysis\stage-bias\DATA\HR-mode\1500eV-LE__3000V-SB\field-003\4um-HFW__20us.tif
HR,1500.0,3000.0,4500.0,4.0,0.001953125,20.0,8.061745431600045,0.08878740085045668,D:\rlane\Data\analysis\stage-bias\DATA\HR-mode\1500eV-LE__3000V-SB\field-004\4um-HFW__20us.tif
HR,1500.0,3000.0,4500.0,4.0,0.001953125,20.0,7.663069024315153,0.3425456624287602,D:\rlane\Data\analysis\stage-bias\DATA\HR-mode\1500eV-LE__3000V-SB\field-005\4um-HFW__20us.tif
UHR,1500.0,0.0,1500.0,4.0,0.001953125,1.0,-0.14428448387193132,0.3993047308876323,D:\rlane\Data\analysis\stage-bias\DATA\UHR-mode\1500eV-LE__0V-SB\field-001\4um-HFW_1us.tif
UHR,1500.0,0.0,1500.0,4.0,0.001953125,1.0,-0.16012939236502677,0.4225444758603367,D:\rlane\Data\analysis\stage-bias\DATA\UHR-mode\1500eV-LE__0V-SB\field-002\4um-HFW_1us.tif
UHR,1500.0,0.0,1500.0,4.0,0.001953125,1.0,-0.1545112361185249,0.3992831638100187,D:\rlane\Data\analysis\stage-bias\DATA\UHR-mode\1500eV-LE__0V-SB\field-003\4um-HFW_1us.tif
UHR,1500.0,0.0,1500.0,4.0,0.001953125,1.0,-0.13469943897759573,0.4215317838227261,D:\rlane\Data\analysis\stage-bias\DATA\UHR-mode\1500eV-LE__0V-SB\field-004\4um-HFW_1us.tif
UHR,1500.0,0.0,1500.0,4.0,0.001953125,1.0,-0.14641815568396216,0.40001080535403355,D:\rlane\Data\analysis\stage-bias\DATA\UHR-mode\1500eV-LE__0V-SB\field-005\4um-HFW_1us.tif
UHR,1500.0,0.0,1500.0,4.0,0.001953125,3.0,-0.14592839951437173,0.395455624506952,D:\rlane\Data\analysis\stage-bias\DATA\UHR-mode\1500eV-LE__0V-SB\field-001\4um-HFW_3us.tif
UHR,1500.0,0.0,1500.0,4.0,0.001953125,3.0,-0.025151370205967388,0.35002626698961753,D:\rlane\Data\analysis\stage-bias\DATA\UHR-mode\1500eV-LE__0V-SB\field-002\4um-HFW_3us.tif
UHR,1500.0,0.0,1500.0,4.0,0.001953125,3.0,-0.1322622764475901,0.39009423620840294,D:\rlane\Data\analysis\stage-bias\DATA\UHR-mode\1500eV-LE__0V-SB\field-003\4um-HFW_3us.tif
UHR,1500.0,0.0,1500.0,4.0,0.001953125,3.0,0.005074530696552757,0.35045630651025866,D:\rlane\Data\analysis\stage-bias\DATA\UHR-mode\1500eV-LE__0V-SB\field-004\4um-HFW_3us.tif
UHR,1500.0,0.0,1500.0,4.0,0.001953125,3.0,-0.08173723594123705,0.39421456365458,D:\rlane\Data\analysis\stage-bias\DATA\UHR-mode\1500eV-LE__0V-SB\field-005\4um-HFW_3us.tif
UHR,1500.0,0.0,1500.0,4.0,0.001953125,5.0,0.04133863518453201,0.2916708424758814,D:\rlane\Data\analysis\stage-bias\DATA\UHR-mode\1500eV-LE__0V-SB\field-001\4um-HFW_5us.tif
UHR,1500.0,0.0,1500.0,4.0,0.001953125,5.0,0.04287422337956542,0.3103847508013125,D:\rlane\Data\analysis\stage-bias\DATA\UHR-mode\1500eV-LE__0V-SB\field-002\4um-HFW_5us.tif
UHR,1500.0,0.0,1500.0,4.0,0.001953125,5.0,0.045196669987884464,0.29318647537002956,D:\rlane\Data\analysis\stage-bias\DATA\UHR-mode\1500eV-LE__0V-SB\field-003\4um-HFW_5us.tif
UHR,1500.0,0.0,1500.0,4.0,0.001953125,5.0,0.042271848556293325,0.27153140211571153,D:\rlane\Data\analysis\stage-bias\DATA\UHR-mode\1500eV-LE__0V-SB\field-004\4um-HFW_5us.tif
UHR,1500.0,0.0,1500.0,4.0,0.001953125,5.0,0.03992278848145651,0.2879420322267068,D:\rlane\Data\analysis\stage-bias\DATA\UHR-mode\1500eV-LE__0V-SB\field-005\4um-HFW_5us.tif
UHR,1500.0,0.0,1500.0,4.0,0.001953125,10.0,0.042658771839579245,0.2846133184203475,D:\rlane\Data\analysis\stage-bias\DATA\UHR-mode\1500eV-LE__0V-SB\field-001\4um-HFW_10us.tif
UHR,1500.0,0.0,1500.0,4.0,0.001953125,10.0,0.04071449080646856,0.2463092095307722,D:\rlane\Data\analysis\stage-bias\DATA\UHR-mode\1500eV-LE__0V-SB\field-002\4um-HFW_10us.tif
UHR,1500.0,0.0,1500.0,4.0,0.001953125,10.0,0.03560800096906729,0.24211921935803093,D:\rlane\Data\analysis\stage-bias\DATA\UHR-mode\1500eV-LE__0V-SB\field-003\4um-HFW_10us.tif
UHR,1500.0,0.0,1500.0,4.0,0.001953125,10.0,0.0373348365827334,0.26279190121196283,D:\rlane\Data\analysis\stage-bias\DATA\UHR-mode\1500eV-LE__0V-SB\field-004\4um-HFW_10us.tif
UHR,1500.0,0.0,1500.0,4.0,0.001953125,10.0,0.03813580250865236,0.2963272529941978,D:\rlane\Data\analysis\stage-bias\DATA\UHR-mode\1500eV-LE__0V-SB\field-005\4um-HFW_10us.tif
UHR,1500.0,0.0,1500.0,4.0,0.001953125,20.0,0.12468322079943174,0.28860738557865684,D:\rlane\Data\analysis\stage-bias\DATA\UHR-mode\1500eV-LE__0V-SB\field-001\4um-HFW_20us.tif
UHR,1500.0,0.0,1500.0,4.0,0.001953125,20.0,0.12456782133726148,0.2740744612533816,D:\rlane\Data\analysis\stage-bias\DATA\UHR-mode\1500eV-LE__0V-SB\field-002\4um-HFW_20us.tif
UHR,1500.0,0.0,1500.0,4.0,0.001953125,20.0,0.10073478942194876,0.2606879230080982,D:\rlane\Data\analysis\stage-bias\DATA\UHR-mode\1500eV-LE__0V-SB\field-003\4um-HFW_20us.tif
UHR,1500.0,0.0,1500.0,4.0,0.001953125,20.0,0.09680703000075112,0.18261009790596516,D:\rlane\Data\analysis\stage-bias\DATA\UHR-mode\1500eV-LE__0V-SB\field-004\4um-HFW_20us.tif
UHR,1500.0,0.0,1500.0,4.0,0.001953125,20.0,0.10160839840798536,0.24570395270847206,D:\rlane\Data\analysis\stage-bias\DATA\UHR-mode\1500eV-LE__0V-SB\field-005\4um-HFW_20us.tif
UHR,1500.0,100.0,1600.0,4.0,0.001953125,1.0,-0.07588553108328065,0.3063764008915398,D:\rlane\Data\analysis\stage-bias\DATA\UHR-mode\1500eV-LE__100V-SB\field-001\4um-HFW__1us.tif
UHR,1500.0,100.0,1600.0,4.0,0.001953125,1.0,-0.053585772330880875,0.3110592326659236,D:\rlane\Data\analysis\stage-bias\DATA\UHR-mode\1500eV-LE__100V-SB\field-002\4um-HFW__1us.tif
UHR,1500.0,100.0,1600.0,4.0,0.001953125,1.0,-0.07310932404926822,0.28209482998228974,D:\rlane\Data\analysis\stage-bias\DATA\UHR-mode\1500eV-LE__100V-SB\field-003\4um-HFW__1us.tif
UHR,1500.0,100.0,1600.0,4.0,0.001953125,1.0,-0.05278095179845274,0.284682116977516,D:\rlane\Data\analysis\stage-bias\DATA\UHR-mode\1500eV-LE__100V-SB\field-004\4um-HFW__1us.tif
UHR,1500.0,100.0,1600.0,4.0,0.001953125,1.0,-0.03908337710319497,0.2760245000601995,D:\rlane\Data\analysis\stage-bias\DATA\UHR-mode\1500eV-LE__100V-SB\field-005\4um-HFW__1us.tif
UHR,1500.0,100.0,1600.0,4.0,0.001953125,3.0,-0.10052100846727202,0.2551953217131099,D:\rlane\Data\analysis\stage-bias\DATA\UHR-mode\1500eV-LE__100V-SB\field-001\4um-HFW__3us.tif
UHR,1500.0,100.0,1600.0,4.0,0.001953125,3.0,-0.06670045001170902,0.267304560221268,D:\rlane\Data\analysis\stage-bias\DATA\UHR-mode\1500eV-LE__100V-SB\field-002\4um-HFW__3us.tif
UHR,1500.0,100.0,1600.0,4.0,0.001953125,3.0,-0.07857665952169098,0.2316575182132252,D:\rlane\Data\analysis\stage-bias\DATA\UHR-mode\1500eV-LE__100V-SB\field-003\4um-HFW__3us.tif
UHR,1500.0,100.0,1600.0,4.0,0.001953125,3.0,-0.10077148007736973,0.22032999562060207,D:\rlane\Data\analysis\stage-bias\DATA\UHR-mode\1500eV-LE__100V-SB\field-004\4um-HFW__3us.tif
UHR,1500.0,100.0,1600.0,4.0,0.001953125,3.0,-0.10364959227171218,0.24222009088311303,D:\rlane\Data\analysis\stage-bias\DATA\UHR-mode\1500eV-LE__100V-SB\field-005\4um-HFW__3us.tif
UHR,1500.0,100.0,1600.0,4.0,0.001953125,5.0,0.20601152720005583,0.26058116036862494,D:\rlane\Data\analysis\stage-bias\DATA\UHR-mode\1500eV-LE__100V-SB\field-001\4um-HFW__5us.tif
UHR,1500.0,100.0,1600.0,4.0,0.001953125,5.0,0.2531542390855766,0.25789665225774805,D:\rlane\Data\analysis\stage-bias\DATA\UHR-mode\1500eV-LE__100V-SB\field-002\4um-HFW__5us.tif
UHR,1500.0,100.0,1600.0,4.0,0.001953125,5.0,0.23755228226805508,0.2053248148941935,D:\rlane\Data\analysis\stage-bias\DATA\UHR-mode\1500eV-LE__100V-SB\field-003\4um-HFW__5us.tif
UHR,1500.0,100.0,1600.0,4.0,0.001953125,5.0,0.20950560122698542,0.21877981428010124,D:\rlane\Data\analysis\stage-bias\DATA\UHR-mode\1500eV-LE__100V-SB\field-004\4um-HFW__5us.tif
UHR,1500.0,100.0,1600.0,4.0,0.001953125,5.0,0.1924599624858881,0.20296725461487405,D:\rlane\Data\analysis\stage-bias\DATA\UHR-mode\1500eV-LE__100V-SB\field-005\4um-HFW__5us.tif
UHR,1500.0,100.0,1600.0,4.0,0.001953125,10.0,0.3023193683912342,0.2347112166201169,D:\rlane\Data\analysis\stage-bias\DATA\UHR-mode\1500eV-LE__100V-SB\field-001\4um-HFW__10us.tif
UHR,1500.0,100.0,1600.0,4.0,0.001953125,10.0,0.40016674598953833,0.27906585711959314,D:\rlane\Data\analysis\stage-bias\DATA\UHR-mode\1500eV-LE__100V-SB\field-002\4um-HFW__10us.tif
UHR,1500.0,100.0,1600.0,4.0,0.001953125,10.0,0.36479873064336266,0.22467020256671177,D:\rlane\Data\analysis\stage-bias\DATA\UHR-mode\1500eV-LE__100V-SB\field-003\4um-HFW__10us.tif
UHR,1500.0,100.0,1600.0,4.0,0.001953125,10.0,0.3380035289016535,0.24567716706441867,D:\rlane\Data\analysis\stage-bias\DATA\UHR-mode\1500eV-LE__100V-SB\field-004\4um-HFW__10us.tif
UHR,1500.0,100.0,1600.0,4.0,0.001953125,10.0,0.2936902227759823,0.20599130570513619,D:\rlane\Data\analysis\stage-bias\DATA\UHR-mode\1500eV-LE__100V-SB\field-005\4um-HFW__10us.tif
UHR,1500.0,100.0,1600.0,4.0,0.001953125,20.0,0.5375714250184872,0.2618505114823107,D:\rlane\Data\analysis\stage-bias\DATA\UHR-mode\1500eV-LE__100V-SB\field-001\4um-HFW__20us.tif
UHR,1500.0,100.0,1600.0,4.0,0.001953125,20.0,0.6916701466969039,0.3620853988712981,D:\rlane\Data\analysis\stage-bias\DATA\UHR-mode\1500eV-LE__100V-SB\field-002\4um-HFW__20us.tif
UHR,1500.0,100.0,1600.0,4.0,0.001953125,20.0,0.6332707957416934,0.2546243148196607,D:\rlane\Data\analysis\stage-bias\DATA\UHR-mode\1500eV-LE__100V-SB\field-003\4um-HFW__20us.tif
UHR,1500.0,100.0,1600.0,4.0,0.001953125,20.0,0.6048824209076329,0.2790873856631805,D:\rlane\Data\analysis\stage-bias\DATA\UHR-mode\1500eV-LE__100V-SB\field-004\4um-HFW__20us.tif
UHR,1500.0,100.0,1600.0,4.0,0.001953125,20.0,0.5202773388436627,0.26067152102549096,D:\rlane\Data\analysis\stage-bias\DATA\UHR-mode\1500eV-LE__100V-SB\field-005\4um-HFW__20us.tif
UHR,1500.0,200.0,1700.0,4.0,0.001953125,1.0,-0.028933994787031073,0.27152840679295864,D:\rlane\Data\analysis\stage-bias\DATA\UHR-mode\1500eV-LE__200V-SB\field-001\4um-HFW__1us.tif
UHR,1500.0,200.0,1700.0,4.0,0.001953125,1.0,-0.042292434437151166,0.2616578262227752,D:\rlane\Data\analysis\stage-bias\DATA\UHR-mode\1500eV-LE__200V-SB\field-002\4um-HFW__1us.tif
UHR,1500.0,200.0,1700.0,4.0,0.001953125,1.0,-0.04484790936554956,0.2700263783838683,D:\rlane\Data\analysis\stage-bias\DATA\UHR-mode\1500eV-LE__200V-SB\field-003\4um-HFW__1us.tif
UHR,1500.0,200.0,1700.0,4.0,0.001953125,1.0,-0.03572241117817485,0.27837356030735916,D:\rlane\Data\analysis\stage-bias\DATA\UHR-mode\1500eV-LE__200V-SB\field-004\4um-HFW__1us.tif
UHR,1500.0,200.0,1700.0,4.0,0.001953125,1.0,-0.09015707012088235,0.2914411728251476,D:\rlane\Data\analysis\stage-bias\DATA\UHR-mode\1500eV-LE__200V-SB\field-005\4um-HFW__1us.tif
UHR,1500.0,200.0,1700.0,4.0,0.001953125,3.0,-0.061205668925530324,0.2040455948418368,D:\rlane\Data\analysis\stage-bias\DATA\UHR-mode\1500eV-LE__200V-SB\field-001\4um-HFW__3us.tif
UHR,1500.0,200.0,1700.0,4.0,0.001953125,3.0,-0.07233088868496633,0.24606028308065403,D:\rlane\Data\analysis\stage-bias\DATA\UHR-mode\1500eV-LE__200V-SB\field-002\4um-HFW__3us.tif
UHR,1500.0,200.0,1700.0,4.0,0.001953125,3.0,-0.013226245636003083,0.22044750177829106,D:\rlane\Data\analysis\stage-bias\DATA\UHR-mode\1500eV-LE__200V-SB\field-003\4um-HFW__3us.tif
UHR,1500.0,200.0,1700.0,4.0,0.001953125,3.0,0.020090382819128887,0.24256468543855803,D:\rlane\Data\analysis\stage-bias\DATA\UHR-mode\1500eV-LE__200V-SB\field-004\4um-HFW__3us.tif
UHR,1500.0,200.0,1700.0,4.0,0.001953125,3.0,0.14107328625041077,0.22023925643198441,D:\rlane\Data\analysis\stage-bias\DATA\UHR-mode\1500eV-LE__200V-SB\field-005\4um-HFW__3us.tif
UHR,1500.0,200.0,1700.0,4.0,0.001953125,5.0,0.33067782572623117,0.22038242753136256,D:\rlane\Data\analysis\stage-bias\DATA\UHR-mode\1500eV-LE__200V-SB\field-001\4um-HFW__5us.tif
UHR,1500.0,200.0,1700.0,4.0,0.001953125,5.0,0.3091117232045029,0.1550463415300839,D:\rlane\Data\analysis\stage-bias\DATA\UHR-mode\1500eV-LE__200V-SB\field-002\4um-HFW__5us.tif
UHR,1500.0,200.0,1700.0,4.0,0.001953125,5.0,0.37955591772158276,0.2968125222831302,D:\rlane\Data\analysis\stage-bias\DATA\UHR-mode\1500eV-LE__200V-SB\field-003\4um-HFW__5us.tif
UHR,1500.0,200.0,1700.0,4.0,0.001953125,5.0,0.41042334211311665,0.22502227734734467,D:\rlane\Data\analysis\stage-bias\DATA\UHR-mode\1500eV-LE__200V-SB\field-004\4um-HFW__5us.tif
UHR,1500.0,200.0,1700.0,4.0,0.001953125,5.0,0.41033200246154,0.24709765226069866,D:\rlane\Data\analysis\stage-bias\DATA\UHR-mode\1500eV-LE__200V-SB\field-005\4um-HFW__5us.tif
UHR,1500.0,200.0,1700.0,4.0,0.001953125,10.0,0.5625196487737981,0.30403159165810006,D:\rlane\Data\analysis\stage-bias\DATA\UHR-mode\1500eV-LE__200V-SB\field-001\4um-HFW__10us.tif
UHR,1500.0,200.0,1700.0,4.0,0.001953125,10.0,0.5238368595539566,0.3656234658950849,D:\rlane\Data\analysis\stage-bias\DATA\UHR-mode\1500eV-LE__200V-SB\field-002\4um-HFW__10us.tif
UHR,1500.0,200.0,1700.0,4.0,0.001953125,10.0,0.6654979487110271,0.2578217659192959,D:\rlane\Data\analysis\stage-bias\DATA\UHR-mode\1500eV-LE__200V-SB\field-003\4um-HFW__10us.tif
UHR,1500.0,200.0,1700.0,4.0,0.001953125,10.0,0.6992962461048912,0.26043083892854585,D:\rlane\Data\analysis\stage-bias\DATA\UHR-mode\1500eV-LE__200V-SB\field-004\4um-HFW__10us.tif
UHR,1500.0,200.0,1700.0,4.0,0.001953125,10.0,0.7285264555487264,0.2621282040340949,D:\rlane\Data\analysis\stage-bias\DATA\UHR-mode\1500eV-LE__200V-SB\field-005\4um-HFW__10us.tif
UHR,1500.0,200.0,1700.0,4.0,0.001953125,20.0,1.0563747070186844,0.44093784173056677,D:\rlane\Data\analysis\stage-bias\DATA\UHR-mode\1500eV-LE__200V-SB\field-001\4um-HFW__20us.tif
UHR,1500.0,200.0,1700.0,4.0,0.001953125,20.0,0.9637572132469997,0.35681661829462946,D:\rlane\Data\analysis\stage-bias\DATA\UHR-mode\1500eV-LE__200V-SB\field-002\4um-HFW__20us.tif
UHR,1500.0,200.0,1700.0,4.0,0.001953125,20.0,1.2587085414290753,0.3596632252514358,D:\rlane\Data\analysis\stage-bias\DATA\UHR-mode\1500eV-LE__200V-SB\field-003\4um-HFW__20us.tif
UHR,1500.0,200.0,1700.0,4.0,0.001953125,20.0,1.2793458854876854,0.3442964756950242,D:\rlane\Data\analysis\stage-bias\DATA\UHR-mode\1500eV-LE__200V-SB\field-004\4um-HFW__20us.tif
UHR,1500.0,200.0,1700.0,4.0,0.001953125,20.0,1.3502794677409564,0.28103045922504455,D:\rlane\Data\analysis\stage-bias\DATA\UHR-mode\1500eV-LE__200V-SB\field-005\4um-HFW__20us.tif
UHR,1500.0,500.0,2000.0,4.0,0.001953125,1.0,-0.14726770390994903,0.3003231394394258,D:\rlane\Data\analysis\stage-bias\DATA\UHR-mode\1500eV-LE__500V-SB\field-001\4um-HFW_1us.tif
UHR,1500.0,500.0,2000.0,4.0,0.001953125,1.0,-0.1608584722679926,0.28205223399561447,D:\rlane\Data\analysis\stage-bias\DATA\UHR-mode\1500eV-LE__500V-SB\field-002\4um-HFW_1us.tif
UHR,1500.0,500.0,2000.0,4.0,0.001953125,1.0,-0.10933018929401245,0.2732744933789961,D:\rlane\Data\analysis\stage-bias\DATA\UHR-mode\1500eV-LE__500V-SB\field-003\4um-HFW_1us.tif
UHR,1500.0,500.0,2000.0,4.0,0.001953125,1.0,-0.12056020489158145,0.28546277125816333,D:\rlane\Data\analysis\stage-bias\DATA\UHR-mode\1500eV-LE__500V-SB\field-004\4um-HFW_1us.tif
UHR,1500.0,500.0,2000.0,4.0,0.001953125,1.0,-0.12894136373788387,0.2738792311410212,D:\rlane\Data\analysis\stage-bias\DATA\UHR-mode\1500eV-LE__500V-SB\field-005\4um-HFW_1us.tif
UHR,1500.0,500.0,2000.0,4.0,0.001953125,3.0,-0.05252360150799847,0.26572915984186013,D:\rlane\Data\analysis\stage-bias\DATA\UHR-mode\1500eV-LE__500V-SB\field-001\4um-HFW_3us.tif
UHR,1500.0,500.0,2000.0,4.0,0.001953125,3.0,-0.043667140544433734,0.2471936278225949,D:\rlane\Data\analysis\stage-bias\DATA\UHR-mode\1500eV-LE__500V-SB\field-002\4um-HFW_3us.tif
UHR,1500.0,500.0,2000.0,4.0,0.001953125,3.0,-0.12655648377374693,0.23287498017831063,D:\rlane\Data\analysis\stage-bias\DATA\UHR-mode\1500eV-LE__500V-SB\field-003\4um-HFW_3us.tif
UHR,1500.0,500.0,2000.0,4.0,0.001953125,3.0,-0.10542600393422027,0.2459073732689362,D:\rlane\Data\analysis\stage-bias\DATA\UHR-mode\1500eV-LE__500V-SB\field-004\4um-HFW_3us.tif
UHR,1500.0,500.0,2000.0,4.0,0.001953125,3.0,0.0019086238500043368,0.24374984802052427,D:\rlane\Data\analysis\stage-bias\DATA\UHR-mode\1500eV-LE__500V-SB\field-005\4um-HFW_3us.tif
UHR,1500.0,500.0,2000.0,4.0,0.001953125,5.0,0.25051931324202814,0.2515597211761239,D:\rlane\Data\analysis\stage-bias\DATA\UHR-mode\1500eV-LE__500V-SB\field-001\4um-HFW_5us.tif
UHR,1500.0,500.0,2000.0,4.0,0.001953125,5.0,0.16127037958814128,0.21754420786679896,D:\rlane\Data\analysis\stage-bias\DATA\UHR-mode\1500eV-LE__500V-SB\field-002\4um-HFW_5us.tif
UHR,1500.0,500.0,2000.0,4.0,0.001953125,5.0,0.15712521367364962,0.22041127701304555,D:\rlane\Data\analysis\stage-bias\DATA\UHR-mode\1500eV-LE__500V-SB\field-003\4um-HFW_5us.tif
UHR,1500.0,500.0,2000.0,4.0,0.001953125,5.0,0.13084980358337805,0.2113836481296197,D:\rlane\Data\analysis\stage-bias\DATA\UHR-mode\1500eV-LE__500V-SB\field-004\4um-HFW_5us.tif
UHR,1500.0,500.0,2000.0,4.0,0.001953125,5.0,0.13011454004331596,0.24019388664014724,D:\rlane\Data\analysis\stage-bias\DATA\UHR-mode\1500eV-LE__500V-SB\field-005\4um-HFW_5us.tif
UHR,1500.0,500.0,2000.0,4.0,0.001953125,10.0,0.4951106060832444,0.27457511191896544,D:\rlane\Data\analysis\stage-bias\DATA\UHR-mode\1500eV-LE__500V-SB\field-001\4um-HFW_10us.tif
UHR,1500.0,500.0,2000.0,4.0,0.001953125,10.0,0.33182823027573377,0.21482344628432729,D:\rlane\Data\analysis\stage-bias\DATA\UHR-mode\1500eV-LE__500V-SB\field-002\4um-HFW_10us.tif
UHR,1500.0,500.0,2000.0,4.0,0.001953125,10.0,0.3075685282951956,0.2316381795929534,D:\rlane\Data\analysis\stage-bias\DATA\UHR-mode\1500eV-LE__500V-SB\field-003\4um-HFW_10us.tif
UHR,1500.0,500.0,2000.0,4.0,0.001953125,10.0,0.2614659347671358,0.23157972888725875,D:\rlane\Data\analysis\stage-bias\DATA\UHR-mode\1500eV-LE__500V-SB\field-004\4um-HFW_10us.tif
UHR,1500.0,500.0,2000.0,4.0,0.001953125,10.0,0.23241853422573394,0.214944267847305,D:\rlane\Data\analysis\stage-bias\DATA\UHR-mode\1500eV-LE__500V-SB\field-005\4um-HFW_10us.tif
UHR,1500.0,500.0,2000.0,4.0,0.001953125,20.0,1.1101012306605662,0.2870442474143433,D:\rlane\Data\analysis\stage-bias\DATA\UHR-mode\1500eV-LE__500V-SB\field-001\4um-HFW_20us.tif
UHR,1500.0,500.0,2000.0,4.0,0.001953125,20.0,0.7544658646701373,0.21160547119985937,D:\rlane\Data\analysis\stage-bias\DATA\UHR-mode\1500eV-LE__500V-SB\field-002\4um-HFW_20us.tif
UHR,1500.0,500.0,2000.0,4.0,0.001953125,20.0,0.6915582292711626,0.20211093260351232,D:\rlane\Data\analysis\stage-bias\DATA\UHR-mode\1500eV-LE__500V-SB\field-003\4um-HFW_20us.tif
UHR,1500.0,500.0,2000.0,4.0,0.001953125,20.0,0.590340686839819,0.2554916740031944,D:\rlane\Data\analysis\stage-bias\DATA\UHR-mode\1500eV-LE__500V-SB\field-004\4um-HFW_20us.tif
UHR,1500.0,500.0,2000.0,4.0,0.001953125,20.0,0.6015532180503564,0.2503022000597089,D:\rlane\Data\analysis\stage-bias\DATA\UHR-mode\1500eV-LE__500V-SB\field-005\4um-HFW_20us.tif
UHR,1500.0,1000.0,2500.0,4.0,0.001953125,1.0,-0.08740661613035124,0.2856646780987592,D:\rlane\Data\analysis\stage-bias\DATA\UHR-mode\1500eV-LE__1000V-SB\field-001\4um-HFW_1us.tif
UHR,1500.0,1000.0,2500.0,4.0,0.001953125,1.0,-0.1331394198599898,0.3117717652594922,D:\rlane\Data\analysis\stage-bias\DATA\UHR-mode\1500eV-LE__1000V-SB\field-002\4um-HFW_1us.tif
UHR,1500.0,1000.0,2500.0,4.0,0.001953125,1.0,-0.08589127513562786,0.30598718853380563,D:\rlane\Data\analysis\stage-bias\DATA\UHR-mode\1500eV-LE__1000V-SB\field-003\4um-HFW_1us.tif
UHR,1500.0,1000.0,2500.0,4.0,0.001953125,1.0,-0.11042340780425365,0.30373872057101725,D:\rlane\Data\analysis\stage-bias\DATA\UHR-mode\1500eV-LE__1000V-SB\field-004\4um-HFW_1us.tif
UHR,1500.0,1000.0,2500.0,4.0,0.001953125,1.0,-0.09070863853286285,0.31844925690989545,D:\rlane\Data\analysis\stage-bias\DATA\UHR-mode\1500eV-LE__1000V-SB\field-005\4um-HFW_1us.tif
UHR,1500.0,1000.0,2500.0,4.0,0.001953125,3.0,0.08239932898012677,0.22500134232999097,D:\rlane\Data\analysis\stage-bias\DATA\UHR-mode\1500eV-LE__1000V-SB\field-001\4um-HFW_3us.tif
UHR,1500.0,1000.0,2500.0,4.0,0.001953125,3.0,0.2653497689721514,0.2781506832880412,D:\rlane\Data\analysis\stage-bias\DATA\UHR-mode\1500eV-LE__1000V-SB\field-002\4um-HFW_3us.tif
UHR,1500.0,1000.0,2500.0,4.0,0.001953125,3.0,0.33915520679002636,0.25304939003613774,D:\rlane\Data\analysis\stage-bias\DATA\UHR-mode\1500eV-LE__1000V-SB\field-003\4um-HFW_3us.tif
UHR,1500.0,1000.0,2500.0,4.0,0.001953125,3.0,0.2555372457454445,0.2598754935373045,D:\rlane\Data\analysis\stage-bias\DATA\UHR-mode\1500eV-LE__1000V-SB\field-004\4um-HFW_3us.tif
UHR,1500.0,1000.0,2500.0,4.0,0.001953125,3.0,0.20478072548418916,0.2831764414474103,D:\rlane\Data\analysis\stage-bias\DATA\UHR-mode\1500eV-LE__1000V-SB\field-005\4um-HFW_3us.tif
UHR,1500.0,1000.0,2500.0,4.0,0.001953125,5.0,0.5943798986912313,0.2387872222932922,D:\rlane\Data\analysis\stage-bias\DATA\UHR-mode\1500eV-LE__1000V-SB\field-001\4um-HFW_5us.tif
UHR,1500.0,1000.0,2500.0,4.0,0.001953125,5.0,0.6425815520714169,0.25606134358770294,D:\rlane\Data\analysis\stage-bias\DATA\UHR-mode\1500eV-LE__1000V-SB\field-002\4um-HFW_5us.tif
UHR,1500.0,1000.0,2500.0,4.0,0.001953125,5.0,0.8565522176105472,0.2448294206680083,D:\rlane\Data\analysis\stage-bias\DATA\UHR-mode\1500eV-LE__1000V-SB\field-003\4um-HFW_5us.tif
UHR,1500.0,1000.0,2500.0,4.0,0.001953125,5.0,0.8102907883455522,0.24911356655987466,D:\rlane\Data\analysis\stage-bias\DATA\UHR-mode\1500eV-LE__1000V-SB\field-004\4um-HFW_5us.tif
UHR,1500.0,1000.0,2500.0,4.0,0.001953125,5.0,0.9291834009185449,0.2614943421524065,D:\rlane\Data\analysis\stage-bias\DATA\UHR-mode\1500eV-LE__1000V-SB\field-005\4um-HFW_5us.tif
UHR,1500.0,1000.0,2500.0,4.0,0.001953125,10.0,1.1145472118100312,0.17643396023190125,D:\rlane\Data\analysis\stage-bias\DATA\UHR-mode\1500eV-LE__1000V-SB\field-001\4um-HFW_10us.tif
UHR,1500.0,1000.0,2500.0,4.0,0.001953125,10.0,1.218924130392011,0.24823797630097558,D:\rlane\Data\analysis\stage-bias\DATA\UHR-mode\1500eV-LE__1000V-SB\field-002\4um-HFW_10us.tif
UHR,1500.0,1000.0,2500.0,4.0,0.001953125,10.0,1.638923642444728,0.24012702018476045,D:\rlane\Data\analysis\stage-bias\DATA\UHR-mode\1500eV-LE__1000V-SB\field-003\4um-HFW_10us.tif
UHR,1500.0,1000.0,2500.0,4.0,0.001953125,10.0,1.5645349584899746,0.26069146188559333,D:\rlane\Data\analysis\stage-bias\DATA\UHR-mode\1500eV-LE__1000V-SB\field-004\4um-HFW_10us.tif
UHR,1500.0,1000.0,2500.0,4.0,0.001953125,10.0,1.7905087531358486,0.25681051910002206,D:\rlane\Data\analysis\stage-bias\DATA\UHR-mode\1500eV-LE__1000V-SB\field-005\4um-HFW_10us.tif
UHR,1500.0,1000.0,2500.0,4.0,0.001953125,20.0,2.4740677270941704,0.2604141808350018,D:\rlane\Data\analysis\stage-bias\DATA\UHR-mode\1500eV-LE__1000V-SB\field-001\4um-HFW_20us.tif
UHR,1500.0,1000.0,2500.0,4.0,0.001953125,20.0,2.75742821096269,0.23168613712788821,D:\rlane\Data\analysis\stage-bias\DATA\UHR-mode\1500eV-LE__1000V-SB\field-002\4um-HFW_20us.tif
UHR,1500.0,1000.0,2500.0,4.0,0.001953125,20.0,3.595712299390812,0.26117622929633316,D:\rlane\Data\analysis\stage-bias\DATA\UHR-mode\1500eV-LE__1000V-SB\field-003\4um-HFW_20us.tif
UHR,1500.0,1000.0,2500.0,4.0,0.001953125,20.0,3.5032064771219367,0.2589058985528455,D:\rlane\Data\analysis\stage-bias\DATA\UHR-mode\1500eV-LE__1000V-SB\field-004\4um-HFW_20us.tif
UHR,1500.0,1000.0,2500.0,4.0,0.001953125,20.0,3.4304989841128313,0.2387732761211201,D:\rlane\Data\analysis\stage-bias\DATA\UHR-mode\1500eV-LE__1000V-SB\field-005\4um-HFW_20us.tif
UHR,1500.0,1500.0,3000.0,4.0,0.001953125,1.0,0.9060747893536698,0.3680387988899425,D:\rlane\Data\analysis\stage-bias\DATA\UHR-mode\1500eV-LE__1500V-SB\field-001\4um-HFW_1us.tif
UHR,1500.0,1500.0,3000.0,4.0,0.001953125,1.0,0.9304142948530163,0.37754622087875506,D:\rlane\Data\analysis\stage-bias\DATA\UHR-mode\1500eV-LE__1500V-SB\field-002\4um-HFW_1us.tif
UHR,1500.0,1500.0,3000.0,4.0,0.001953125,1.0,0.8715941648529232,0.40329653115442654,D:\rlane\Data\analysis\stage-bias\DATA\UHR-mode\1500eV-LE__1500V-SB\field-003\4um-HFW_1us.tif
UHR,1500.0,1500.0,3000.0,4.0,0.001953125,1.0,1.048991537323984,0.3945216404098318,D:\rlane\Data\analysis\stage-bias\DATA\UHR-mode\1500eV-LE__1500V-SB\field-004\4um-HFW_1us.tif
UHR,1500.0,1500.0,3000.0,4.0,0.001953125,1.0,0.8350627409917459,0.36083057757132236,D:\rlane\Data\analysis\stage-bias\DATA\UHR-mode\1500eV-LE__1500V-SB\field-005\4um-HFW_1us.tif
UHR,1500.0,1500.0,3000.0,4.0,0.001953125,3.0,4.1773342112620915,0.3650299252657517,D:\rlane\Data\analysis\stage-bias\DATA\UHR-mode\1500eV-LE__1500V-SB\field-001\4um-HFW_3us.tif
UHR,1500.0,1500.0,3000.0,4.0,0.001953125,3.0,4.347890175925122,0.39731490387586965,D:\rlane\Data\analysis\stage-bias\DATA\UHR-mode\1500eV-LE__1500V-SB\field-002\4um-HFW_3us.tif
UHR,1500.0,1500.0,3000.0,4.0,0.001953125,3.0,4.0964296013660455,0.4335474754737842,D:\rlane\Data\analysis\stage-bias\DATA\UHR-mode\1500eV-LE__1500V-SB\field-003\4um-HFW_3us.tif
UHR,1500.0,1500.0,3000.0,4.0,0.001953125,3.0,5.046511557829476,0.44717434086219815,D:\rlane\Data\analysis\stage-bias\DATA\UHR-mode\1500eV-LE__1500V-SB\field-004\4um-HFW_3us.tif
UHR,1500.0,1500.0,3000.0,4.0,0.001953125,3.0,3.637036952853961,0.33006902592207515,D:\rlane\Data\analysis\stage-bias\DATA\UHR-mode\1500eV-LE__1500V-SB\field-005\4um-HFW_3us.tif
UHR,1500.0,1500.0,3000.0,4.0,0.001953125,5.0,7.494696482907513,0.384965149807807,D:\rlane\Data\analysis\stage-bias\DATA\UHR-mode\1500eV-LE__1500V-SB\field-001\4um-HFW_5us.tif
UHR,1500.0,1500.0,3000.0,4.0,0.001953125,5.0,6.559731157338624,0.40314050593192546,D:\rlane\Data\analysis\stage-bias\DATA\UHR-mode\1500eV-LE__1500V-SB\field-002\4um-HFW_5us.tif
UHR,1500.0,1500.0,3000.0,4.0,0.001953125,5.0,6.4449361797696465,0.45749156849733036,D:\rlane\Data\analysis\stage-bias\DATA\UHR-mode\1500eV-LE__1500V-SB\field-003\4um-HFW_5us.tif
UHR,1500.0,1500.0,3000.0,4.0,0.001953125,5.0,7.616093435951957,0.45802477246053,D:\rlane\Data\analysis\stage-bias\DATA\UHR-mode\1500eV-LE__1500V-SB\field-004\4um-HFW_5us.tif
UHR,1500.0,1500.0,3000.0,4.0,0.001953125,5.0,5.891033701848317,0.33116502654002644,D:\rlane\Data\analysis\stage-bias\DATA\UHR-mode\1500eV-LE__1500V-SB\field-005\4um-HFW_5us.tif
UHR,1500.0,1500.0,3000.0,4.0,0.001953125,10.0,12.693528608133295,0.4094769282598345,D:\rlane\Data\analysis\stage-bias\DATA\UHR-mode\1500eV-LE__1500V-SB\field-001\4um-HFW_10us.tif
UHR,1500.0,1500.0,3000.0,4.0,0.001953125,10.0,12.89372423804844,0.42557753168164,D:\rlane\Data\analysis\stage-bias\DATA\UHR-mode\1500eV-LE__1500V-SB\field-002\4um-HFW_10us.tif
UHR,1500.0,1500.0,3000.0,4.0,0.001953125,10.0,12.949220433246778,0.4859873013256103,D:\rlane\Data\analysis\stage-bias\DATA\UHR-mode\1500eV-LE__1500V-SB\field-003\4um-HFW_10us.tif
UHR,1500.0,1500.0,3000.0,4.0,0.001953125,10.0,15.052700885376323,0.5064010910059137,D:\rlane\Data\analysis\stage-bias\DATA\UHR-mode\1500eV-LE__1500V-SB\field-004\4um-HFW_10us.tif
UHR,1500.0,1500.0,3000.0,4.0,0.001953125,10.0,11.894425171614703,0.35554824244841315,D:\rlane\Data\analysis\stage-bias\DATA\UHR-mode\1500eV-LE__1500V-SB\field-005\4um-HFW_10us.tif
UHR,1500.0,1500.0,3000.0,4.0,0.001953125,20.0,18.21197813914357,0.3786841224988222,D:\rlane\Data\analysis\stage-bias\DATA\UHR-mode\1500eV-LE__1500V-SB\field-001\4um-HFW_20us.tif
UHR,1500.0,1500.0,3000.0,4.0,0.001953125,20.0,18.823976407656396,0.42130628194256614,D:\rlane\Data\analysis\stage-bias\DATA\UHR-mode\1500eV-LE__1500V-SB\field-002\4um-HFW_20us.tif
UHR,1500.0,1500.0,3000.0,4.0,0.001953125,20.0,18.693887241201384,0.47588711435159914,D:\rlane\Data\analysis\stage-bias\DATA\UHR-mode\1500eV-LE__1500V-SB\field-003\4um-HFW_20us.tif
UHR,1500.0,1500.0,3000.0,4.0,0.001953125,20.0,22.336355594668394,0.49471094987907394,D:\rlane\Data\analysis\stage-bias\DATA\UHR-mode\1500eV-LE__1500V-SB\field-004\4um-HFW_20us.tif
UHR,1500.0,1500.0,3000.0,4.0,0.001953125,20.0,17.694379570055677,0.3211707376019405,D:\rlane\Data\analysis\stage-bias\DATA\UHR-mode\1500eV-LE__1500V-SB\field-005\4um-HFW_20us.tif
UHR,1500.0,2000.0,3500.0,4.0,0.001953125,1.0,0.9865804392954468,0.2758852308000329,D:\rlane\Data\analysis\stage-bias\DATA\UHR-mode\1500eV-LE__2000V-SB\field-001\4um-HFW_1us.tif
UHR,1500.0,2000.0,3500.0,4.0,0.001953125,1.0,0.7822663061997874,0.2561526915697202,D:\rlane\Data\analysis\stage-bias\DATA\UHR-mode\1500eV-LE__2000V-SB\field-002\4um-HFW_1us.tif
UHR,1500.0,2000.0,3500.0,4.0,0.001953125,1.0,0.7831128227484345,0.25467252779576655,D:\rlane\Data\analysis\stage-bias\DATA\UHR-mode\1500eV-LE__2000V-SB\field-003\4um-HFW_1us.tif
UHR,1500.0,2000.0,3500.0,4.0,0.001953125,1.0,0.8358347035698492,0.2674632500272037,D:\rlane\Data\analysis\stage-bias\DATA\UHR-mode\1500eV-LE__2000V-SB\field-004\4um-HFW_1us.tif
UHR,1500.0,2000.0,3500.0,4.0,0.001953125,1.0,0.9054880162173211,0.21177116585037703,D:\rlane\Data\analysis\stage-bias\DATA\UHR-mode\1500eV-LE__2000V-SB\field-005\4um-HFW_1us.tif
UHR,1500.0,2000.0,3500.0,4.0,0.001953125,3.0,4.003815093341297,0.30889530117180053,D:\rlane\Data\analysis\stage-bias\DATA\UHR-mode\1500eV-LE__2000V-SB\field-001\4um-HFW_3us.tif
UHR,1500.0,2000.0,3500.0,4.0,0.001953125,3.0,3.606360877628652,0.21092703548985625,D:\rlane\Data\analysis\stage-bias\DATA\UHR-mode\1500eV-LE__2000V-SB\field-002\4um-HFW_3us.tif
UHR,1500.0,2000.0,3500.0,4.0,0.001953125,3.0,3.47142167090238,0.26956010318212936,D:\rlane\Data\analysis\stage-bias\DATA\UHR-mode\1500eV-LE__2000V-SB\field-003\4um-HFW_3us.tif
UHR,1500.0,2000.0,3500.0,4.0,0.001953125,3.0,3.832829180049199,0.269606201827402,D:\rlane\Data\analysis\stage-bias\DATA\UHR-mode\1500eV-LE__2000V-SB\field-004\4um-HFW_3us.tif
UHR,1500.0,2000.0,3500.0,4.0,0.001953125,3.0,4.061511004332963,0.194656141472475,D:\rlane\Data\analysis\stage-bias\DATA\UHR-mode\1500eV-LE__2000V-SB\field-005\4um-HFW_3us.tif
UHR,1500.0,2000.0,3500.0,4.0,0.001953125,5.0,5.881066363222869,0.3406066379434945,D:\rlane\Data\analysis\stage-bias\DATA\UHR-mode\1500eV-LE__2000V-SB\field-001\4um-HFW_5us.tif
UHR,1500.0,2000.0,3500.0,4.0,0.001953125,5.0,5.207557699538666,0.19188480835327218,D:\rlane\Data\analysis\stage-bias\DATA\UHR-mode\1500eV-LE__2000V-SB\field-002\4um-HFW_5us.tif
UHR,1500.0,2000.0,3500.0,4.0,0.001953125,5.0,5.122831404648713,0.26621471820234704,D:\rlane\Data\analysis\stage-bias\DATA\UHR-mode\1500eV-LE__2000V-SB\field-003\4um-HFW_5us.tif
UHR,1500.0,2000.0,3500.0,4.0,0.001953125,5.0,5.53890017875726,0.2646014136093059,D:\rlane\Data\analysis\stage-bias\DATA\UHR-mode\1500eV-LE__2000V-SB\field-004\4um-HFW_5us.tif
UHR,1500.0,2000.0,3500.0,4.0,0.001953125,5.0,5.903732137928298,0.19611963449676292,D:\rlane\Data\analysis\stage-bias\DATA\UHR-mode\1500eV-LE__2000V-SB\field-005\4um-HFW_5us.tif
UHR,1500.0,2000.0,3500.0,4.0,0.001953125,10.0,10.322838095467487,0.4607092652873065,D:\rlane\Data\analysis\stage-bias\DATA\UHR-mode\1500eV-LE__2000V-SB\field-001\4um-HFW_10us.tif
UHR,1500.0,2000.0,3500.0,4.0,0.001953125,10.0,9.53920411075555,0.17777294726857157,D:\rlane\Data\analysis\stage-bias\DATA\UHR-mode\1500eV-LE__2000V-SB\field-002\4um-HFW_10us.tif
UHR,1500.0,2000.0,3500.0,4.0,0.001953125,10.0,9.453378204118119,0.2813027202008739,D:\rlane\Data\analysis\stage-bias\DATA\UHR-mode\1500eV-LE__2000V-SB\field-003\4um-HFW_10us.tif
UHR,1500.0,2000.0,3500.0,4.0,0.001953125,10.0,9.88630027893223,0.25516933233644934,D:\rlane\Data\analysis\stage-bias\DATA\UHR-mode\1500eV-LE__2000V-SB\field-004\4um-HFW_10us.tif
UHR,1500.0,2000.0,3500.0,4.0,0.001953125,10.0,10.871687680896398,0.27283109634920755,D:\rlane\Data\analysis\stage-bias\DATA\UHR-mode\1500eV-LE__2000V-SB\field-005\4um-HFW_10us.tif
UHR,1500.0,2000.0,3500.0,4.0,0.001953125,20.0,16.08566236551685,0.37881451672062044,D:\rlane\Data\analysis\stage-bias\DATA\UHR-mode\1500eV-LE__2000V-SB\field-001\4um-HFW_20us.tif
UHR,1500.0,2000.0,3500.0,4.0,0.001953125,20.0,14.924084801607664,0.12003281852032424,D:\rlane\Data\analysis\stage-bias\DATA\UHR-mode\1500eV-LE__2000V-SB\field-002\4um-HFW_20us.tif
UHR,1500.0,2000.0,3500.0,4.0,0.001953125,20.0,14.695962554414118,0.2723893600109143,D:\rlane\Data\analysis\stage-bias\DATA\UHR-mode\1500eV-LE__2000V-SB\field-003\4um-HFW_20us.tif
UHR,1500.0,2000.0,3500.0,4.0,0.001953125,20.0,15.579638174360085,0.27563571085198707,D:\rlane\Data\analysis\stage-bias\DATA\UHR-mode\1500eV-LE__2000V-SB\field-004\4um-HFW_20us.tif
UHR,1500.0,2000.0,3500.0,4.0,0.001953125,20.0,16.86820536246994,0.27572212606164453,D:\rlane\Data\analysis\stage-bias\DATA\UHR-mode\1500eV-LE__2000V-SB\field-005\4um-HFW_20us.tif
UHR,1500.0,3000.0,4500.0,4.0,0.001953125,1.0,0.7844029384274763,0.2700404072911555,D:\rlane\Data\analysis\stage-bias\DATA\UHR-mode\1500eV-LE__3000V-SB\field-001\4um-HFW_1us.tif
UHR,1500.0,3000.0,4500.0,4.0,0.001953125,1.0,1.0936313706794445,0.31178585609771753,D:\rlane\Data\analysis\stage-bias\DATA\UHR-mode\1500eV-LE__3000V-SB\field-002\4um-HFW_1us.tif
UHR,1500.0,3000.0,4500.0,4.0,0.001953125,1.0,0.800371186726758,0.22002143789271003,D:\rlane\Data\analysis\stage-bias\DATA\UHR-mode\1500eV-LE__3000V-SB\field-003\4um-HFW_1us.tif
UHR,1500.0,3000.0,4500.0,4.0,0.001953125,1.0,1.0403351423106013,0.24992676142706902,D:\rlane\Data\analysis\stage-bias\DATA\UHR-mode\1500eV-LE__3000V-SB\field-004\4um-HFW_1us.tif
UHR,1500.0,3000.0,4500.0,4.0,0.001953125,1.0,0.8242508521265832,0.1853267206111348,D:\rlane\Data\analysis\stage-bias\DATA\UHR-mode\1500eV-LE__3000V-SB\field-005\4um-HFW_1us.tif
UHR,1500.0,3000.0,4500.0,4.0,0.001953125,3.0,3.105529039371173,0.2648410070962717,D:\rlane\Data\analysis\stage-bias\DATA\UHR-mode\1500eV-LE__3000V-SB\field-001\4um-HFW_3us.tif
UHR,1500.0,3000.0,4500.0,4.0,0.001953125,3.0,4.256735885908822,0.3295219107353371,D:\rlane\Data\analysis\stage-bias\DATA\UHR-mode\1500eV-LE__3000V-SB\field-002\4um-HFW_3us.tif
UHR,1500.0,3000.0,4500.0,4.0,0.001953125,3.0,3.32938571814115,0.14779126082266242,D:\rlane\Data\analysis\stage-bias\DATA\UHR-mode\1500eV-LE__3000V-SB\field-003\4um-HFW_3us.tif
UHR,1500.0,3000.0,4500.0,4.0,0.001953125,3.0,4.310504497452459,0.20681615466252845,D:\rlane\Data\analysis\stage-bias\DATA\UHR-mode\1500eV-LE__3000V-SB\field-004\4um-HFW_3us.tif
UHR,1500.0,3000.0,4500.0,4.0,0.001953125,3.0,3.2712686910200732,0.10784468531822052,D:\rlane\Data\analysis\stage-bias\DATA\UHR-mode\1500eV-LE__3000V-SB\field-005\4um-HFW_3us.tif
UHR,1500.0,3000.0,4500.0,4.0,0.001953125,5.0,4.526683438210479,0.2730845386644904,D:\rlane\Data\analysis\stage-bias\DATA\UHR-mode\1500eV-LE__3000V-SB\field-001\4um-HFW_5us.tif
UHR,1500.0,3000.0,4500.0,4.0,0.001953125,5.0,6.073554939631166,0.335889456678908,D:\rlane\Data\analysis\stage-bias\DATA\UHR-mode\1500eV-LE__3000V-SB\field-002\4um-HFW_5us.tif
UHR,1500.0,3000.0,4500.0,4.0,0.001953125,5.0,4.703381205687982,0.1424277964480544,D:\rlane\Data\analysis\stage-bias\DATA\UHR-mode\1500eV-LE__3000V-SB\field-003\4um-HFW_5us.tif
UHR,1500.0,3000.0,4500.0,4.0,0.001953125,5.0,5.830881881579653,0.19536739829629224,D:\rlane\Data\analysis\stage-bias\DATA\UHR-mode\1500eV-LE__3000V-SB\field-004\4um-HFW_5us.tif
UHR,1500.0,3000.0,4500.0,4.0,0.001953125,5.0,4.625286216949821,0.07691458826809448,D:\rlane\Data\analysis\stage-bias\DATA\UHR-mode\1500eV-LE__3000V-SB\field-005\4um-HFW_5us.tif
UHR,1500.0,3000.0,4500.0,4.0,0.001953125,10.0,8.301088544798688,0.27795496510910433,D:\rlane\Data\analysis\stage-bias\DATA\UHR-mode\1500eV-LE__3000V-SB\field-001\4um-HFW_10us.tif
UHR,1500.0,3000.0,4500.0,4.0,0.001953125,10.0,11.045682631006752,0.364627273105089,D:\rlane\Data\analysis\stage-bias\DATA\UHR-mode\1500eV-LE__3000V-SB\field-002\4um-HFW_10us.tif
UHR,1500.0,3000.0,4500.0,4.0,0.001953125,10.0,8.499155374860088,0.1492322507570346,D:\rlane\Data\analysis\stage-bias\DATA\UHR-mode\1500eV-LE__3000V-SB\field-003\4um-HFW_10us.tif
UHR,1500.0,3000.0,4500.0,4.0,0.001953125,10.0,10.61723683361912,0.20183919279036436,D:\rlane\Data\analysis\stage-bias\DATA\UHR-mode\1500eV-LE__3000V-SB\field-004\4um-HFW_10us.tif
UHR,1500.0,3000.0,4500.0,4.0,0.001953125,10.0,8.300669474161117,0.029328493566757752,D:\rlane\Data\analysis\stage-bias\DATA\UHR-mode\1500eV-LE__3000V-SB\field-005\4um-HFW_10us.tif
UHR,1500.0,3000.0,4500.0,4.0,0.001953125,20.0,12.704529275982209,0.23965395915661675,D:\rlane\Data\analysis\stage-bias\DATA\UHR-mode\1500eV-LE__3000V-SB\field-001\4um-HFW_20us.tif
UHR,1500.0,3000.0,4500.0,4.0,0.001953125,20.0,17.10637944425517,0.3616829422625695,D:\rlane\Data\analysis\stage-bias\DATA\UHR-mode\1500eV-LE__3000V-SB\field-002\4um-HFW_20us.tif
UHR,1500.0,3000.0,4500.0,4.0,0.001953125,20.0,13.414305767180151,0.12854809632820546,D:\rlane\Data\analysis\stage-bias\DATA\UHR-mode\1500eV-LE__3000V-SB\field-003\4um-HFW_20us.tif
UHR,1500.0,3000.0,4500.0,4.0,0.001953125,20.0,16.135714059645572,0.19267561175470216,D:\rlane\Data\analysis\stage-bias\DATA\UHR-mode\1500eV-LE__3000V-SB\field-004\4um-HFW_20us.tif
UHR,1500.0,3000.0,4500.0,4.0,0.001953125,20.0,12.860539359754277,0.03005884178423157,D:\rlane\Data\analysis\stage-bias\DATA\UHR-mode\1500eV-LE__3000V-SB\field-005\4um-HFW_20us.tif
